"no","klu","uraian","ibukota_10","ibukota_lain","daerah_lain"
1,01111,PERTANIAN TANAMAN JAGUNG,15,15,15
2,01112,PERTANIAN TANAMAN GANDUM,15,15,15
3,01113,PERTANIAN TANAMAN KEDELAI,15,15,15
4,01114,PERTANIAN TANAMAN KACANG TANAH,15,15,15
5,01115,PERTANIAN TANAMAN KACANG HIJAU,15,15,15
6,01116,PERTANIAN TANAMAN KACANG-KACANGAN HORTIKULTURA,15,15,15
7,01117,PERTANIAN TANAMAN BIJI-BIJIAN PENGHASIL MINYAK MAKAN,"11,5",11,10
8,01118,PERTANIAN TANAMAN BIJI-BIJIAN PENGHASIL BUKAN MINYAK MAKAN,"11,5",11,10
9,01119,"PERTANIAN TANAMAN SEREALIA LAINNYA, KACANG足KACANGAN DAN BIJI-BIJIAN",,,
10,01120,PERTANIAN PADI,15,15,15
11,01131,PERTANIAN TANAMAN HORTIKULTURA SAYURAN DAUN,"11,5",11,10
12,01132,PERTANIAN TANAMAN HORTIKULTURA BUAH,"11,5",11,10
13,01133,PERTANIAN TANAMAN HORTIKULTURA SAYURAN BUAH,"11,5",11,10
14,01134,PERTANIAN TANAMAN HORTIKULTURA SAYURAN UMBI,15,15,15
15,01135,PERTANIAN TANAMAN UMBI-UMBIAN PALAWIJA,15,15,15
16,01136,PERTANIAN TANAMAN JAMUR,"11,5",11,10
17,01137,PERTANIAN TANAMAN BIT GULA DAN TANAMAN PEMANIS BUKAN TEBU,"11,5",11,10
18,01139,PERTANIAN TANAMAN HORTIKULTURA SAYURAN LAINNYA,"11,5",11,10
19,01140,PERKEBUNAN TEBU,"11,5",11,10
20,01150,PERKEBUNAN TEMBAKAU,"11,5",11,10
21,01160,PERTANIAN TANAMAN BERSERAT,"11,5",11,10
22,01191,PERTANIAN TANAMAN RUMPUT-RUMPUTAN DAN TANAMAN PAKAN TERNAK,"11,5",11,10
23,01192,PEMBIBITAN BIT (BUKAN BIT GULA) DAN BIBIT TANAMAN PAKAN TERNAK,"11,5",11,10
24,01193,PERTANIAN TANAMAN BUNGA,"11,5",11,10
25,01194,PERTANIAN PEMBIBITAN TANAMAN BUNGA,"11,5",11,10
26,01210,PERTANIAN BUAH ANGGUR,"11,5",11,10
27,01220,PERTANIAN BUAH-BUAHAN TROPIS,"11,5",11,10
28,01230,PERTANIAN BUAH JERUK,"11,5",11,10
29,01240,PERTANIAN BUAH APEL DAN BUAH BATU (POME AND STONE FRUITS),"11,5",11,10
30,01251,PERTANIAN BUAH BERI,"11,5",11,10
31,01252,PERTANIAN TANAMAN BUAH BIJI KACANG-KACANGAN,"11,5",11,10
32,01253,PERTANIAN TANAMAN SAYURAN TAHUNAN,"11,5",11,10
33,01259,PERTANIAN TANAMAN BUAH SEMAK LAINNYA,"11,5",11,10
34,01261,PERKEBUNAN BUAH KELAPA,"11,5",11,10
35,01262,PERKEBUNAN BUAH KELAPA SAWIT,"11,5",11,10
36,01269,PERKEBUNAN TANAMAN BUAH OLEAGINOUS LAINNYA,"11,5",11,10
37,01270,PERTANIAN TANAMAN UNTUK BAHAN MINUMAN,"11,5",11,10
38,01281,PERKEBUNAN LADA,"11,5",11,10
39,01282,PERKEBUNAN CENGKEH,"11,5",11,10
40,01283,PERKEBUNAN CABE,"11,5",11,10
41,01284,PERKEBUNAN TANAMAN AROMATIK/PENYEGAR,"11,5",11,10
42,01285,PERTANIAN TANAMAN OBAT ATAU BIOFARMAKA RIMPANG,"11,5",11,10
43,01286,PERTANIAN TANAMAN OBAT ATAU BIOFARMAKA NON RIMPANG,"11,5",11,10
44,01289,"PERTANIAN TANAMAN REMPAH-REMPAH, AROMATIK/PENYEGAR, NARKOTIK DAN OBAT LAINNYA","11,5",11,10
45,01291,PERKEBUNAN KARET DAN TANAMAN PENGHASIL GETAH LAINNYA,"11,5",11,10
46,01299,PERKEBUNAN CEMARA DAN TANAMAN TAHUNAN LAINNYA,"11,5",11,10
47,01301,PERTANIAN TANAMAN HIAS BUKAN TANAMAN BUNGA,"11,5",11,10
48,01302,PERTANIAN PENGEMBANGBIAKAN TANAMAN HOLTIKULTURA LAINNYA BUKAN,,,
49,01411,PEMBIBITAN DAN BUDIDAYA SAPI POTONG,11,10,9
50,01412,PEMBIBITAN DAN BUDIDAYA SAPI PERAH,11,10,9
51,01413,PEMBIBITAN DAN BUDIDAYA KERBAU POTONG,11,10,9
52,01414,PEMBIBITAN DAN BUDIDAYA KERBAU PERAH,11,10,9
53,01420,PETERNAKAN KUDA DAN SEJENISNYA,11,10,9
54,01430,PETERNAKAN UNTA DAN SEJENISNYA,11,10,9
55,01441,PEMBIBITAN DAN BUDIDAYA DOMBA,11,10,9
56,01442,PEMBIBITAN DAN BUDIDAYA KAMBING POTONG,11,10,9
57,01443,PEMBIBITAN DAN BUDIDAYA KAMBING PERAH,11,10,9
58,01450,PETERNAKAN BABI,11,10,9
59,01461,PEMBIBITAN DAN BUDIDAYA AYAM RAS PEDAGING,11,10,9
60,01462,PEMBIBITAN DAN BUDIDAYA AYAM RAS PETELUR,11,10,9
61,01463,PEMBIBITAN DAN BUDIDAYA AYAM BURAS,11,10,9
62,01464,PEMBIBITAN DAN BUDIDAYA ITIK,11,10,9
63,01465,PEMBIBITAN DAN BUDIDAYA ITIK MANILA,11,10,9
64,01466,PEMBIBITAN DAN BUDIDAYA BURUNG PUYUH,11,10,9
65,01467,PEMBIBITAN DAN BUDIDAYA BURUNG MERPATI,11,10,9
66,01469,PEMBIBITAN DAN BUDIDAYA TERNAK UNGGAS LAINNYA,11,10,9
67,01491,PEMBIBITAN DAN BUDIDAYA BURUNG UNTA,11,10,9
68,01492,PENGUSAHAAN KOKON/KEPOMPONG ULAT SUTERA,11,10,9
69,01493,PEMBIBITAN DAN BUDIDAYA LEBAH,11,10,9
70,01494,PEMBIBITAN DAN BUDIDAYA RUSA,11,10,9
71,01499,PEMBIBITAN DAN BUDIDAYA ANEKA TERNAK LAINNYA,11,10,9
72,01611,JASA PENGOLAHAN LAHAN,25,25,24
73,01612,"JASA PEMUPUKAN, PENANAMAN BIBIT/BENIH DAN PENGENDALIAN JASAD PENGGANGGU",25,25,24
74,01613,JASA PEMANENAN,25,25,24
75,01614,JASA PENYEMPROTAN DAN PENYERBUKAN MELALUI UDARA,25,25,24
76,01619,JASA PENUNJANG PERTANIAN LAINNYA,25,25,24
77,01621,JASA PELAYANAN KESEHATAN TERNAK,25,25,24
78,01622,JASA PEMACEKAN TERNAK,25,25,24
79,01623,JASA PENETASAN TELUR,25,25,24
80,01629,JASA PENUNJANG PETERNAKAN LAINNYA,25,25,24
81,01630,JASA PASCA PANEN,25,25,24
82,01640,PEMILIHAN BIBIT TANAMAN UNTUK PENGEMBANGBIAKAN,25,25,24
83,01701,PERBURUAN DAN PENANGKAPAN SATWA LIAR,18,17,16
84,01702,PENANGKARAN SATWA LIAR,25,25,24
85,02111,PENGUSAHAAN HUTAN JATI,16,16,16
86,02112,PENGUSAHAAN HUTAN PINUS,16,16,16
87,02113,PENGUSAHAAN HUTAN MAHONI,16,16,16
88,02114,PENGUSAHAAN HUTAN SONOKELING,16,16,16
89,02115,PENGUSAHAAN HUTAN ALBASIA/JEUNJING,16,16,16
90,02116,PENGUSAHAAN HUTAN CENDANA,16,16,16
91,02117,PENGUSAHAAN HUTAN AKASIA,16,16,16
92,02118,PENGUSAHAAN HUTAN EKALIPTUS,16,16,16
93,02119,PENGUSAHAAN HUTAN LAINNYA,16,16,16
94,02120,PENGUSAHAAN HUTAN ALAM,16,16,16
95,02131,PENGUSAHAAN ROTAN,16,16,16
96,02132,PENGUSAHAAN GETAH PINUS,16,16,16
97,02133,PENGUSAHAAN DAUN KAYU PUTIH,16,16,16
98,02134,PENGUSAHAAN BAMBU,16,16,16
99,02135,PENGUSAHAAN DAMAR,16,16,16
101,02139,PENGUSAHAAN HUTAN BUKAN KAYU LAINNYA,16,16,16
102,02201,PENEBANGAN KAYU,16,16,16
103,02202,USAHA PEMUNGUTAN KAYU,16,16,16
104,02209,USAHA KEHUTANAN LAINNYA,16,16,16
105,02301,PEMUNGUTAN GETAH KARET,16,16,16
106,02302,PEMUNGUTAN ROTAN,16,16,16
107,02303,PEMUNGUTAN GETAH PINUS,16,16,16
108,02304,PEMUNGUTAN DAUN KAYU PUTIH,16,16,16
109,02305,PEMUNGUTAN KOKON/KEPOMPONG ULAT SUTERA,16,16,16
110,02306,PEMUNGUTAN DAMAR,16,16,16
111,02307,PEMUNGUTAN MADU,16,16,16
112,02308,PEMUNGUTAN BAMBU,16,16,16
113,02309,PEMUNGUTAN BUKAN KAYU LAINNYA,16,16,16
114,02401,JASA KEHUTANAN BIDANG PENGGUNAAN KAWASAN HUTAN,16,16,16
115,02402,JASA KEHUTANAN BIDANG PERLINDUNGAN HUTAN DAN KONSERVASI ALAM,16,16,16
116,02403,JASA KEHUTANAN BIDANG REHABILITASI LAHAN DAN KEHUTANAN SOSIAL,16,16,16
117,02409,JASA PENUNJANG KEHUTANAN LAINNYA,16,16,16
118,03111,PENANGKAPAN PISCES/IKAN BERSIRIP DI LAUT,25,23,22
119,03112,PENANGKAPAN CRUSTACEA DI LAUT,25,23,22
120,03113,PENANGKAPAN MOLLUSCA DI LAUT,25,23,22
121,03114,PENANGKAPAN/PENGAMBILAN ALGAE (TUMBUHAN) DI LAUT,25,23,22
122,03115,PENANGKAPAN/PENGAMBILAN BENIH IKAN LAUT,25,23,22
127,3121,PENANGKAPAN PISCES/IKAN BERSIRIP DI PERAIRAN UMUM,25,23,22
128,3122,PENANGKAPAN CRUSTACEA DI PERAIRAN UMUM,25,23,22
129,3123,PENANGKAPAN MOLLUSCA DI PERAIRAN UMUM,25,23,22
130,3124,PENANGKAPAN/PENGAMBILAN ALGAE DI PERAIRAN UMUM,25,23,22
131,3125,PENANGKAPAN/PENGAMBILAN INDUK/BENIH IKAN DI PERAIRAN UMUM,25,23,22
132,3129,PENANGKAPAN BIOTA AIR LAINNYA DI PERAIRAN UMUM,25,23,22
133,3131,JASA SARANA PRODUKSI PENANGKAPAN IKAN DI LAUT,25,23,22
134,3132,JASA PRODUKSI PENANGKAPAN IKAN DI LAUT,25,23,22
135,3133,JASA PASCA PANEN PENANGKAPAN IKAN DI LAUT,25,23,22
136,3141,JASA SARANA PRODUKSI PENANGKAPAN IKAN DI PERAIRAN UMUM,25,23,22
137,3142,JASA PRODUKSI PENANGKAPAN IKAN DI PERAIRAN UMUM,25,23,22
138,3143,JASA PASCA PANEN PENANGKAPAN IKAN DI PERAIRAN UMUM,25,23,22
139,3211,PEMBESARAN IKAN LAUT,25,23,22
140,3212,PEMBENIHAN IKAN LAUT,25,23,22
141,3213,BUDIDAYA IKAN HIAS LAUT,25,23,22
142,3214,BUDIDAYA KARANG (CORAL),25,23,22
143,3221,PEMBESAR IKAN AIR TAWAR DI KOLAM,25,23,22
144,3222,BUDIDAYA IKAN AIR TAWAR DI KARAMBA JARING APUNG,25,23,22
145,3223,PEMBESARAN IKAN AIR TAWAR DI KARAMBA,25,23,22
146,3224,PEMBESARAN IKAN AIR TAWAR DI SAWAH,25,23,22
147,3225,BUDIDAYA IKAN HIAS AIR TAWAR,25,23,22
148,3226,PEMBENIHAN IKAN AIR TAWAR,25,23,22
149,3231,JASA SARANA PRODUKSI BUDIDAYA IKAN LAUT,25,23,22
150,3232,JASA PRODUKSI BUDIDAYA IKAN LAUT,25,23,22
151,3233,JASA PASCA PANEN BUDIDAYA IKAN LAUT,25,23,22
152,3241,JASA SARANA PRODUKSI BUDIDAYA IKAN DI AIR TAWAR,25,23,22
153,3242,JASA PRODUKSI BUDIDAYA IKAN DI AIR TAWAR,25,23,22
154,3243,JASA PASCA PANEN BUDIDAYA IKAN DI AIR TAWAR,25,23,22
155,3251,PEMBESARAN IKAN AIR PAYAU,25,23,22
156,3252,PEMBENIHAN IKAN AIR PAYAU,25,23,22
157,3261,JASA SARANA PRODUKSI BUDIDAYA IKAN AIR PAYAU,25,23,22
158,3262,JASA PRODUKSI BUDIDAYA IKAN AIR PAYAU,25,23,22
159,3263,JASA PASCA PANEN BUDIDAYA IKAN AIR PAYAU,25,23,22
160,5101,PERTAMBANGAN BATU BARA,30,30,30
161,5102,GASIFIKASI BATU BARA DI LOKASI PENAMBANGAN,30,30,30
162,5200,PERTAMBANGAN LIGNIT,30,30,30
163,6100,PERTAMBANGAN MINYAK BUMI,16,15,14
164,6201,PERTAMBANGAN GAS ALAM,16,15,14
165,6202,PENGUSAHAAN TENAGA PANAS BUMI,16,15,14
166,7101,PERTAMBANGAN PASIR BESI,16,15,14
167,7102,PERTAMBANGAN BIJIH BESI,16,15,14
168,7210,PERTAMBANGAN BIJIH URANIUM DAN THORIUM,16,15,14
169,7291,PERTAMBANGAN BIJIH TIMAH,25,25,25
170,7292,PERTAMBANGAN BIJIH TIMAH HITAM,25,25,25
171,7293,PERTAMBANGAN BIJIH BAUKSIT,16,15,14
172,7294,PERTAMBANGAN BIJIH TEMBAGA,16,15,14
173,7295,PERTAMBANGAN BIJIH NIKEL,16,15,14
174,7296,PERTAMBANGAN BIJIH MANGAN,16,15,14
175,7299,PERTAMBANGAN BAHAN GALIAN LAINNYA YANG TIDAK MENGANDUNG BIJIH,16,15,14
176,7301,PERTAMBANGAN EMAS DAN PERAK,16,15,14
177,7309,PERTAMBANGAN BIJIH LOGAM MULIA LAINNYA,16,15,14
178,8101,PENGGALIAN BATU HIAS DAN BATU BANGUNAN,16,15,14
179,8102,PENGGALIAN BATU KAPUR/GAMPING,16,15,14
180,8103,PENGGALIAN KERIKIL (SIRTU),16,15,14
181,8104,PENGGALIAN PASIR,16,15,14
182,8105,PENGGALIAN TANAH DAN TANAH LIAT,16,15,14
183,8106,PENGGALIAN GIPS,16,15,14
184,8911,PERTAMBANGAN BELERANG,16,15,14
185,8912,PERTAMBANGAN FOSFAT,16,15,14
186,8913,PERTAMBANGAN NITRAT,16,15,14
187,8914,PERTAMBANGAN YODIUM,16,15,14
188,8915,PERTAMBANGAN POTASH (KALIUM KARBONAT),16,15,14
189,8919,"PERTAMBANGAN MINERAL, BAHAN KIMIA DAN BAHAN PUPUK LAINNYA",16,15,14
190,8920,EKSTRAKSI TANAH GAMBUT (PEAT),16,15,14
191,8930,EKSTRAKSI GARAM,11,11,11
192,8991,PERTAMBANGAN BATU MULIA,16,15,14
193,8992,PENGGALIAN BATU BAHAN INDUSTRI,16,15,14
194,8993,PERTAMBANGAN ASPAL ALAM,16,15,14
195,8994,PENGGALIAN ASBES,16,15,14
196,8999,PERTAMBANGAN DAN PENGGALIAN LAINNYA YANG TIDAK DAPAT,16,15,14
197,9100,JASA PERTAMBANGAN MINYAK BUMI DAN GAS ALAM,35,35,35
198,9900,JASA PERTAMBANGAN DAN PENGGALIAN LAINNYA,35,35,35
199,10110,KEGIATAN RUMAH POTONG DAN PENGEPAKAN DAGING BUKAN UNGGAS,15,"14,5",14
200,10120,KEGIATAN RUMAH POTONG DAN PENGEPAKAN DAGING UNGGAS,15,"14,5",14
201,10130,INDUSTRI PENGOLAHAN DAN PENGAWETAN PRODUK DAGING DAN DAGING,15,"14,5",14
202,10211,INDUSTRI PENGGARAMAN/PENGERINGAN IKAN,15,"14,5",14
203,10212,INDUSTRI PENGASAPAN/PEMANGGANGAN IKAN,15,"14,5",14
204,10213,INDUSTRI PEMBEKUAN IKAN,15,"14,5",14
205,10214,INDUSTRI PEMINDANGAN IKAN,15,"14,5",14
206,10215,INDUSTRI PERAGIAN/FERMENTASI IKAN,15,"14,5",14
207,10216,INDUSTRI BERBASIS DAGING LUMATAN DAN SURIMI,15,"14,5",14
208,10217,INDUSTRI PENDINGINAN/PENGESAN IKAN,15,"14,5",14
209,10219,INDUSTRI PENGOLAHAN DAN PENGAWETAN LAINNYA UNTUK IKAN,15,"14,5",14
210,10221,INDUSTRI PENGOLAHAN DAN PENGAWETAN IKAN DAN BIOTA AIR (BUKAN,15,"14,5",14
211,10222,INDUSTRI PENGOLAHAN DAN PENGAWETAN UDANG DALAM KALENG,15,"14,5",14
212,10291,INDUSTRI PENGGARAMAN/PENGERINGAN BIOTA AIR LAINNYA,15,"14,5",14
213,10292,INDUSTRI PENGASAPAN/PEMANGGANGAN BIOTA AIR LAINNYA,15,"14,5",14
214,10293,INDUSTRI PEMBEKUAN BIOTA AIR LAINNYA,15,"14,5",14
215,10294,INDUSTRI PEMINDANGAN BIOTA AIR LAINNYA,15,"14,5",14
216,10295,INDUSTRI PERAGIAN/FERMENTASI BIOTA AIR LAINNYA,15,"14,5",14
217,10296,INDUSTRI BERBASIS LUMATAN BIOTA AIR LAINNYA,15,"14,5",14
218,10297,INDUSTRI PENDINGINAN/PENGESAN BIOTA AIR LAINNYA,15,"14,5",14
219,10299,INDUSTRI PENGOLAHAN DAN PENGAWETAN LAINNYA UNTUK BIOTA AIR,15,"14,5",14
220,10311,INDUSTRI PENGASINAN/PEMANISAN BUAH-BUAHAN DAN SAYURAN,15,"14,5",14
221,10312,INDUSTRI PELUMATAN BUAH-BUAHAN DAN SAYURAN,15,"14,5",14
222,10313,INDUSTRI PENGERINGAN BUAH-BUAHAN DAN SAYURAN,15,"14,5",14
223,10314,INDUSTRI PEMBEKUAN BUAH-BUAHAN DAN SAYURAN,15,"14,5",14
225,10330,INDUSTRI PENGOLAHAN SARI BUAH DAN SAYURAN,15,"14,5",14
226,10391,INDUSTRI TEMPE KEDELAI,15,"12,5",10
227,10392,INDUSTRI TAHU KEDELAI,15,"12,5",10
228,10399,INDUSTRI PENGOLAHAN DAN PENGAWETAN LAINNYA BUAH足BUAHAN DAN,15,"14,5",14
229,10411,INDUSTRI MINYAK MAKAN DAN LEMAK NABATI,25,25,25
230,10412,INDUSTRI MARGARINE,"12,5",10,"8,5"
231,10413,INDUSTRI MINYAK MAKAN DAN LEMAK HEWANI SELAIN IKAN,25,25,25
232,10414,INDUSTRI MINYAK IKAN,25,25,25
233,10415,INDUSTRI MINYAK GORENG BUKAN MINYAK KELAPA DAN MINYAK KELAPA,25,25,25
234,10421,INDUSTRI KOPRA,"12,5",10,"8,5"
235,10422,INDUSTRI MINYAK MAKAN KELAPA,25,25,25
236,10423,INDUSTRI MINYAK GORENG KELAPA,"12,5",10,"8,5"
237,10424,INDUSTRI TEPUNG DAN PELET KELAPA,17,"16,5",15
238,10431,INDUSTRI MINYAK MAKAN KELAPAN SAWIT (CRIUDE PALM OIL),25,25,25
239,10432,INDUSTRI MINYAK GORENG KELAPA SAWIT,25,25,25
240,10490,INDUSTRI MINYAK MAKAN DAN LEMAK NABATI DAN HEWANI LAINNYA,25,25,25
241,10510,INDUSTRI PENGOLAHAN SUSU SEGAR DAN KRIM,"13,5","13,5","13,5"
242,10520,INDUSTRI PENGOLAHAN SUSU BUBUK DAN SUSU KENTAL,"13,5","13,5","13,5"
243,10531,INDUSTRI PENGOLAHAN ES KRIM,"12,5",10,"8,5"
244,10532,"INDUSTRI PENGOLAHAN ES SEJENISNYA YANG DAPAT DIMAKAN (BUKAN ES
BATU DAN ES BALOK)","12,5",10,"8,5"
245,10590,INDUSTRI PENGOLAHAN PRODUK DARI SUSU LAINNYA,"12,5",10,"8,5"
246,10611,INDUSTRI PENGGILINGAN DAN PEMBERSIHAN PADI-PADIAN DAN BIJI-BIJIAN,"12,5",10,"8,5"
247,10612,"INDUSTRI PENGUPASAN, PEMBERSIHAN DAN SORTASI KOPI","12,5",10,"8,5"
248,10613,"INDUSTRI PENGUPASAN, PEMBERSIHAN DAN PENGERINGAN","12,5",10,"8,5"
249,10614,INDUSTRI PENGUPASAN DAN PEMBERSIHAN BIJI-BIJIAN BUKAN KOPI DAN,"12,5",10,"8,5"
250,10615,INDUSTRI PENGUPASAN DAN PEMBERSIHAN KACANG足KACANGAN,"12,5",10,"8,5"
251,10616,INDUSTRI PENGUPASAN DAN PEMBERSIHAN UMBI-UMBIAN (TERMASUK,"12,5",10,"8,5"
252,10617,INDUSTRI TEPUNG TERIGU,"12,5",10,"8,5"
253,10618,"INDUSTRI BERBAGAI MACAM TEPUNG DARI PADI-PADIAN, BIJI-BIJIAN, KACANG-KACANGAN,","12,5",10,"8,5"
254,10621,INDUSTRI PATI UBI KAYU,17,"16,5",15
256,10623,INDUSTRI GLUKOSA DAN SEJENISNYA,17,"16,5",15
257,10629,INDUSTRI PATI LAINNYA,17,"16,5",15
258,10631,INDUSTRI PENGGILINGAN PADI DAN PENYOSOHAN BERAS,"12,5",10,"8,5"
259,10632,INDUSTRI PENGGILINGAN DAN PEMBERSIHAN JAGUNG,"12,5",10,"8,5"
260,10633,INDUSTRI TEPUNG BERAS DAN TEPUNG JAGUNG,"12,5",10,"8,5"
261,10634,INDUSTRI PATI BERAS DAN JAGUNG,17,"16,5",15
262,10710,INDUSTRI PRODUK ROTI DAN KUE,15,"12,5",10
263,10721,INDUSTRI GULA PASIR,30,30,30
264,10722,INDUSTRI GULA MERAH,15,"12,5",10
265,10723,INDUSTRI SIROP,15,"12,5",10
266,10729,INDUSTRI PENGOLAHAN GULA LAINNYA BUKAN SIROP,15,"12,5",10
267,10731,INDUSTRI KAKAO,17,"16,5",15
268,10732,INDUSTRI MAKANAN DARI COKELAT DAN KEMBANG GULA,15,"12,5",10
269,10733,INDUSTRI MANISAN BUAH-BUAHAN DAN SAYURAN KERING,15,"14,5",14
270,10739,INDUSTRI KEMBANG GULA LAINNYA,17,"16,5",15
271,10740,"INDUSTRI MAKARONI, MIE DAN PRODUK SEJENISNYA",15,"12,5",10
272,10750,INDUSTRI MAKANAN DAN MASAKAN OLAHAN,17,"16,5",15
273,10761,INDUSTRI PENGOLAHAN KOPI DAN THE,17,"16,5",15
274,10762,INDUSTRI PENGOLAHAN HERBAL (HERB INFUSION),17,"16,5",15
275,10771,INDUSTRI KECAP,15,"12,5",10
276,10772,INDUSTRI BUMBU MASAK DAN PENYEDAP MASAKAN,17,16,15
277,10773,INDUSTRI PRODUK MASAK DARI KELAPA,17,"16,5",15
278,10774,INDUSTRI PENGOLAHAN GARAM,17,16,15
279,10779,INDUSTRI PRODUK MASAK LAINNYA,15,"12,5",10
280,10791,INDUSTRI MAKANAN BAYI,17,"16,5",15
281,10792,INDUSTRI KUE BASAH,15,"12,5",10
282,10793,INDUSTRI MAKANAN DARI KEDELE DAN KACANG-KACANGAN LAINNYA BUKAN,15,"12,5",10
283,10794,"INDUSTRI KERUPUK, KERIPIK, PEYEK DAN SEJENISNYA",15,"12,5",10
284,10799,INDUSTRI PRODUK MAKANAN LAINNYA,15,"12,5",10
285,10801,INDUSTRI RANSUM MAKANAN HEWAN,17,16,15
286,10802,INDUSTRI KONSENTRAT MAKANAN HEWAN,17,16,15
287,11010,INDUSTRI MINUMAN KERAS,,"24,5",24,24
288,11020,INDUSTRI MINUMAN ANGGUR (WINE),,"24,5",24,24
289,11030,INDUSTRI MINUMAN KERAS DARI MALT DAN MALT,,"24,5",24,24
290,11040,INDUSTRI MINUMAN RINGAN,,15,"14,5",14
291,11050,INDUSTRI AIR MINUM DAN AIR MINERAL,15,"14,5",14
292,11090,INDUSTRI MINUMAN LAINNYA,15,"14,5",14
293,12011,INDUSTRI ROKOK KRETEK,15,15,15
294,12012,INDUSTRI ROKOK PUTIH,15,15,15
295,12019,INDUSTRI ROKOK DAN CERUTU LAINNYA,15,15,15
296,12091,INDUSTRI PENGERINGAN DAN PENGOLAHAN TEMBAKAU,21,21,21
297,12099,INDUSTRI BUMBU ROKOK SERTA KELENGKAPAN ROKOK LAINNYA,21,21,21
298,13111,INDUSTRI PERSIAPAN SERAT TEKSTIL,"13,5",13,"12,5"
299,13112,INDUSTRI PEMINTALAN BENANG,"13,5",13,"12,5"
300,13113,INDUSTRI PEMINTALAN BENANG JAHIT,"13,5",13,"12,5"
301,13121,"INDUSTRI PERTENUNAN (BUKAN PERTENUNAN KARUNG GONI DAN KARUNG LAINNYA)","13,5",13,"12,5"
302,13122,INDUSTRI KAIN TENUN IKAT,"13,5",13,"12,5"
303,13123,INDUSTRI BULU TIRUAN TENUNAN,"13,5",13,"12,5"
304,13131,INDUSTRI PENYEMPURNAAN BENANG,"13,5",13,"12,5"
305,13132,INDUSTRI PENYEMPURNAAN KAIN,"13,5",13,"12,5"
306,13133,INDUSTRI PENCETAKAN KAIN,"13,5",13,"12,5"
307,13134,INDUSTRI BATIK,"13,5",13,"12,5"
308,13911,INDUSTRI KAIN RAJUTAN,"13,5",13,"12,5"
309,13912,INDUSTRI KAIN SULAMAN/BORDIR,"13,5",13,"12,5"
310,13913,INDUSTRI BULU TIRUAN RAJUTAN,"13,5",13,"12,5"
311,13921,INDUSTRI BARANG JADI TEKSTIL UNTUK KEPERLUAN RUMAH TANGGA,"13,5",13,"12,5"
312,13922,INDUSTRI BARANG JADI TEKSTIL SULAMAN,"13,5",13,"12,5"
314,13924,INDUSTRI BARANG JADI RAJUTAN DAN SULAMAN,"13,5",13,"12,5"
315,13929,INDUSTRI BARANG JADI TEKSTIL LAINNYA,"13,5",13,"12,5"
316,13930,INDUSTRI KARPET DAN PERMADANI,"13,5",13,"12,5"
317,13941,INDUSTRI TALI,"13,5",13,"12,5"
318,13942,INDUSTRI BARANG DARI TALI,"13,5",13,"12,5"
326,13999,"INDUSTRI TEKSTIL LAINNYA YANG TIDAK DAPAT DIKLASIFIKASIKAN DI TEMPAT LAIN","13,5",13,"12,5"
327,14111,INDUSTRI PAKAIAN JADI (KONVEKSI) DARI TEKSTIL,"13,5",13,"12,5"
328,14112,INDUSTRI PAKAIAN JADI (KONVEKSI) DARI KULIT,"17,5","16,5",16
329,14120,PENJAHITAN DAN PEMBUATAN PAKAIAN SESUAI PESANAN,34,31,28
330,14131,INDUSTRI PERLENGKAPAN PAKAIAN DARI TEKSTIL,"13,5",13,"12,5"
331,14132,INDUSTRI PERLENGKAPAN PAKAIAN DARI KULIT,"17,5","16,5",16
332,14200,INDUSTRI PAKAIAN JADI DAN BARANG DARI KULIT BERBULU,"17,5","16,5",16
333,14301,INDUSTRI PAKAIAN JADI RAJUTAN,"13,5",13,"12,5"
334,14302,INDUSTRI PAKAIAN JADI SULAMAN/BORDIR,"13,5",13,"12,5"
335,14303,INDUSTRI RAJUTAN KAOS KAKI DAN SEJENISNYA,17,16,15
336,15111,INDUSTRI PENGAWETAN KULIT,"17,5","16,5",16
337,15112,INDUSTRI PENYAMAKAN KULIT,"17,5","16,5",16
338,15113,INDUSTRI PENCELUPAN KULIT BULU,"17,5","16,5",16
339,15114,INDUSTRI KULIT BUATAN/ IMITASI,"17,5","16,5",16
340,15121,INDUSTRI BARANG DARI KULIT DAN KULIT BUATAN UNTUK KEPERLUAN,"17,5","16,5",16
341,15122,INDUSTRI BARANG DARI KULIT DAN KULIT BUATAN UNTUK KEPERLUAN,"17,5","16,5",16
342,15123,INDUSTRI BARANG DARI KULIT DAN KULIT BUATAN UNTUK KEPERLUAN HEWAN,"17,5","16,5",16
343,15129,INDUSTRI BARANG DARI KULIT DAN KULIT BUATAN UNTUK KEPERLUAN,"17,5","16,5",16
344,15201,INDUSTRI ALAS KAKI UNTUK KEPERLUAN SEHARI-HARI,"17,5","16,5",16
348,16101,INDUSTRI PENGGERGAJIAN KAYU,15,"13,5","12,5"
349,16102,INDUSTRI PENGAWETAN KAYU,15,"13,5","12,5"
350,16103,"INDUSTRI PENGAWETAN ROTAN, BAMBU DAN SEJENISNYA",15,"13,5","12,5"
351,16104,INDUSTRI PENGOLAHAN ROTAN,15,"13,5","12,5"
352,16211,INDUSTRI KAYU LAPIS,15,"13,5","12,5"
353,16212,"INDUSTRI KAYU LAPIS LAMINASI, TERMASUK DECORATIVE PLYWOOD",15,"13,5","12,5"
354,16213,INDUSTRI PANEL KAYU LAINNYA,15,"13,5","12,5"
355,16214,INDUSTRI VENEER,15,"13,5","12,5"
356,16221,INDUSTRI BARANG BANGUNAN DARI KAYU,15,"13,5","12,5"
357,16222,INDUSTRI BANGUNAN PRAFABRIKASI DARI KAYU,15,"13,5","12,5"
358,16230,INDUSTRI WADAH DARI KAYU,15,"13,5","12,5"
359,16291,INDUSTRI BARANG ANYAMAN DARI ROTAN DAN BAMBU,15,"13,5","12,5"
360,16292,INDUSTRI BARANG ANYAMAN DARI TANAMAN BUKAN ROTAN DAN BAMBU,15,"13,5","12,5"
361,16293,INDUSTRI KERAJINAN UKIRAN DARI KAYU BUKAN MEBELLER,15,"13,5","12,5"
362,16294,"INDUSTRI ALAT DAPUR DARI KAYU, ROTAN DAN BAMBU",15,"13,5","12,5"
363,16295,INDUSTRI KAYU BAKAR DAN PELET KAYU,15,"13,5","12,5"
364,16299,"INDUSTRI BARANG DARI KAYU, ROTAN, GABUS LAINNYA YANG TIDAK DAPAT DIKLASIFIKASIKAN DI TEMPAT LAIN",15,"13,5","12,5"
366,17012,INDUSTRI KERTAS BUDAYA,"14,5",13,12
367,17013,INDUSTRI KERTAS BERHARGA,"14,5",13,12
368,17014,INDUSTRI KERTAS KHUSUS,"14,5",13,12
369,17019,INDUSTRI KERTAS LAINNYA,"14,5",13,12
370,17021,INDUSTRI KERTAS DAN PAPAN KERTAS BERGELOMBANG,"14,5",13,12
371,17022,INDUSTRI KEMASAN DAN KOTAK DARI KERTAS DAN KARTON,"14,5",13,12
372,17091,INDUSTRI KERTAS TISSUE,"14,5",13,12
373,17099,INDUSTRI BARANG DARI KERTAS DAN PAPAN KERTAS LAINNYA YANG TIDAK,"14,5",13,12
374,18111,INDUSTRI PENCETAKAN UMUM,23,23,23
375,18112,INDUSTRI PENCETAKAN KHUSUS,23,23,23
376,18120,JASA PENUNJANG PENCETAKAN,"14,5",13,12
377,18201,REPRODUKSI MEDIA REKAMAN SUARA DAN PIRANTI LUNAK,32,31,29
378,18202,REPRODUKSI MEDIA REKAMAN FILM DAN VIDEO,32,31,29
379,19100,INDUSTRI PRODUK DARI BATU BARA,15,"13,5","12,5"
380,19211,INDUSTRI PEMURNIAN DAN PENGILANGAN MINYAK BUMI,-,-,-
381,19212,INDUSTRI PEMURNIAN DAN PENGOLAHAN GAS ALAM,-,-,-
382,19213,INDUSTRI PEMBUATAN MINYAK PELUMAS,-,-,-
383,19214,INDUSTRI PENGOLAHAN KEMBALI MINYAK PELUMAS BEKAS,-,-,-
384,19291,INDUSTRI PRODUK DARI HASIL KILANG MINYAK BUMI,-,-,-
385,19292,INDUSTRI BRIKET BATU BARA,15,"13,5","12,5"
386,20111,INDUSTRI KIMIA DASAR ANORGANIK KHLOR DAN ALKALI,13,"12,5",11
387,20112,INDUSTRI KIMIA DASAR ANORGANIK GAS INDUSTRI,13,"12,5",11
388,20113,INDUSTRI KIMIA DASAR ANORGANIK PIGMEN,13,"12,5",11
389,20114,INDUSTRI KIMIA DASAR ANORGANIK LAINNYA,13,"12,5",11
390,20115,INDUSTRI KIMIA DASAR ORGANIK YANG BERSUMBER DARI HASIL PERTANIAN,13,"12,5",11
391,20116,INDUSTRI KIMIA DASAR ORGANIK UNTUK BAHAN BAKU ZAT WARNA DAN,13,"12,5",11
392,20117,"INDUSTRI KIMIA DASAR ORGANIK YANG BERSUMBER DARI MINYAK BUMI, GAS ALAM DAN BATU BARA",13,"12,5",11
393,20118,INDUSTRI KIMIA DASAR ORGANIK YANG MENGHASILKAN BAHAN KIMIA KHUSUS,13,"12,5",11
394,20119,INDUSTRI KIMIA DASAR ORGANIK LAINNYA,13,"12,5",11
395,20121,INDUSTRI PUPUK ALAM/NON SINTETIS HARA MAKRO PRIMER,13,"12,5",11
396,20122,INDUSTRI PUPUK BUATAN TUNGGAL HARA MAKRO PRIMER,13,"12,5",11
397,20123,INDUSTRI PUPUK BUATAN MAJEMUK HARA MAKRO PRIMER,13,"12,5",11
398,20124,INDUSTRI PUPUK BUATAN CAMPURAN HARA MAKRO PRIMER,13,"12,5",11
399,20125,INDUSTRI PUPUK HARA MAKRO SEKUNDER,13,"12,5",11
400,20126,INDUSTRI PUPUK HARA MIKRO,13,"12,5",11
401,20127,INDUSTRI PUPUK PELENGKAP,13,"12,5",11
402,20129,INDUSTRI PUPUK LAINNYA,13,"12,5",11
403,20131,INDUSTRI DAMAR BUATAN (RESIN SINTETIS) DAN BAHAN BAKU PLASTIK,13,"12,5",11
404,20132,INDUSTRI KARET BUATAN,13,"12,5",11
405,20211,INDUSTRI BAHAN BAKU PEMBERANTAS HAMA (BAHAN AKTIF),13,"12,5",11
406,20212,INDUSTRI PEMBERANTAS HAMA (FORMULASI),13,"12,5",11
407,20213,INDUSTRI ZAT PENGATUR TUMBUH,13,"12,5",11
408,20214,INDUSTRI BAHAN AMELIORAN (PEMBENAH TANAH),13,"12,5",11
409,20221,INDUSTRI CAT DAN TINTA CETAK,14,14,14
410,20222,INDUSTRI PERNIS (TERMASUK MASTIK),13,"12,5",11
411,20223,INDUSTRI LAK,13,"12,5",11
412,20231,INDUSTRI SABUN DAN BAHAN PEMBERSIH KEPERLUAN RUMAH TANGGA,17,16,15
413,20232,"INDUSTRI BAHAN KOSMETIK DAN KOSMETIK, TERMASUK PASTA GIGI",17,16,15
414,20291,INDUSTRI PEREKAT/ LEM,13,"12,5",11
415,20292,INDUSTRI BAHAN PELEDAK,13,"12,5",11
416,20293,INDUSTRI TINTA,13,"12,5",11
417,20294,INDUSTRI MINYAK ATSIRI,13,"12,5",11
418,20295,INDUSTRI KOREK API,13,"12,5",11
419,20299,INDUSTRI BARANG KIMIA LAINNYA YANG TIDAK DAPAT DIKLASIFIKASIKAN DI,13,"12,5",11
420,20301,INDUSTRI SERAT/BENANG/STRIP FILAMEN BUATAN,"13,5",13,"12,5"
421,20302,INDUSTRI SERAT STAPEL BUATAN,"13,5",13,"12,5"
422,21011,INDUSTRI BAHAN FARMASI,20,19,18
423,21012,INDUSTRI PRODUK FARMASI,20,19,18
424,21021,INDUSTRI SIMPLISIA (BAHAN OBAT TRADISIONAL),20,19,18
425,21022,INDUSTRI PRODUK OBAT TRADISIONAL,20,19,18
426,22111,INDUSTRI BAN LUAR DAN BAN DALAM,"17,5","16,5",16
427,22112,INDUSTRI VULKANISIR BAN,"17,5","16,5",16
428,22121,INDUSTRI PENGASAPAN KARET,"17,5","16,5",16
429,22122,INDUSTRI REMILLING KARET,"17,5","16,5",16
430,22123,INDUSTRI KARET REMAH (CRUMB RUBBER),"17,5","16,5",16
431,22191,INDUSTRI BARANG DARI KARET UNTUK KEPERLUAN RUMAH TANGGA,"17,5","16,5",16
432,22192,INDUSTRI BARANG DARI KARET UNTUK KEPERLUAN INDUSTRI,"17,5","16,5",16
433,22199,INDUSTRI BARANG DARI KARET LAINNYA YANG TIDAK DAPAT DIKLASIFIKASIKAN,"17,5","16,5",16
434,22210,INDUSTRI BARANG DARI PLASTIK UNTUK BANGUNAN,"17,5","16,5",16
435,22220,INDUSTRI BARANG DARI PLASTIK UNTUK PENGEMASAN,"17,5","16,5",16
436,22230,INDUSTRI PIPA PLASTIK DAN PERLENGKAPANNYA,"17,5","16,5",16
437,22291,INDUSTRI BARANG PLASTIK LEMBARAN,"17,5","16,5",16
438,22292,INDUSTRI PERLENGKAPAN DAN PERALATAN RUMAH TANGGA (TIDAK TERMASUK,"17,5","16,5",16
439,22293,INDUSTRI BARANG DAN PERALATAN TEKNIK/INDUSTRI DARI PLASTIK,"17,5","16,5",16
440,22299,INDUSTRI BARANG PLASTIK LAINNYA YANG TIDAK DAPAT DIKLASIFIKASIKAN DI,"17,5","16,5",16
441,23111,INDUSTRI KACA LEMBARAN,30,25,20
442,23112,INDUSTRI KACA PENGAMAN,30,25,20
443,23112,INDUSTRI KACA PENGAMAN,30,25,20
444,23119,INDUSTRI KACA LAINNYA,30,25,20
445,23121,INDUSTRI PERLENGKAPAN DAN PERALATAN RUMAH TANGGA DARI KACA,30,25,20
446,23122,"INDUSTRI ALAT-ALAT LABORATORIUM, FARMASI DAN KESEHATAN DARI KACA",30,25,20
447,23123,INDUSTRI KEMASAN DARI KACA,30,25,20
448,23129,INDUSTRI BARANG LAINNYA DARI KACA,30,25,20
449,23911,"INDUSTRI BATA, MORTAR DAN SEMEN TAHAN API",17,16,15
450,23919,INDUSTRI BARANG TAHAN API DARI TANAH LIAT/KERAMIK LAINNYA,17,16,15
451,23921,INDUSTRI BATU BATA DARI TANAH LIAT/KERAMIK,"16,5",16,"15,5"
452,23922,INDUSTRI GENTENG DARI TANAH LIAT/KERAMIK,"16,5",16,"15,5"
453,23923,INDUSTRI PERALATAN SANITER DARI PORSELEN,10,9,"8,5"
454,23929,"INDUSTRI BAHAN BANGUNAN DARI TANAH LIAT/KERAMIK BUKAN BATU BATA DAN GENTENG","16,5",16,"15,5"
455,23931,INDUSTRI PERLENGKAPAN RUMAH TANGGA DARI PORSELEN,10,9,"8,5"
456,23932,INDUSTRI PERLENGKAPAN RUMAH TANGGA DARI TANAH LIAT/KERAMIK,"16,5",16,"15,5"
457,23933,INDUSTRI ALAT LABORATORIUM DAN ALAT LISTRIK/TEKNIK DARI PORSELEN,10,9,"8,5"
458,23939,"INDUSTRI BARANG TANAH LIAT/KERAMIK DAN PORSELEN LAINNYA BUKAN BAHAN BANGUNAN",17,16,15
459,23941,INDUSTRI SEMEN,"16,5",16,"15,5"
460,23942,INDUSTRI KAPUR,"16,5",16,"15,5"
461,23943,INDUSTRI GIPS,"16,5",16,"15,5"
462,23951,INDUSTRI BARANG DARI SEMEN,"16,5",16,"15,5"
463,23952,INDUSTRI BARANG DARI KAPUR,"16,5",16,"15,5"
464,23953,INDUSTRI BARANG DARI SEMEN DAN KAPUR UNTUK KONSTRUKSI,"16,5",16,"15,5"
465,23954,INDUSTRI BARANG DARI GIPS UNTUK KONSTRUKSI,"16,5",16,"15,5"
466,23955,INDUSTRI BARANG DARI ASBES UNTUK KEPERLUAN BAHAN BANGUNAN,"16,5",16,"15,5"
467,23956,INDUSTRI BARANG DARI ASBES UNTUK KEPERLUAN INDUSTRI,"16,5",16,"15,5"
468,23957,INDUSTRI MORTAR ATAU BETON SIAP PAKAI,"16,5",16,"15,5"
469,23959,"INDUSTRI BARANG DARI SEMEN, KAPUR, GIPS DAN ASBES LAINNYA","16,5",16,"15,5"
470,23961,INDUSTRI BARANG DARI MARMER DAN GRANIT UNTUK KEPERLUAN RUMAH,17,16,15
471,23962,INDUSTRI BARANG DARI MARMER DAN GRANIT UNTUK KEPERLUAN BAHAN,17,16,15
472,23963,INDUSTRI BARANG DARI BATU UNTUK KEPERLUAN RUMAH TANGGA DAN,17,16,15
473,23969,"INDUSTRI BARANG DARI MARMER, GRANIT DAN BATU LAINNYA",17,16,15
474,23990,INDUSTRI BARANG GALIAN BUKAN LOGAM LAINNYA YANG TIDAK DAPAT,17,16,15
475,24101,INDUSTRI BESI DAN BAJA DASAR (IRON AND STEEL MAKING),10,9,"8,5"
476,24102,INDUSTRI PENGGILINGAN BAJA (STEEL ROLLING),10,9,"8,5"
477,24103,INDUSTRI PIPA DAN SAMBUNGAN PIPA DARI BAJA DAN BESI,20,19,18
478,24201,INDUSTRI PEMBUATAN LOGAM DASAR MULIA,"12,5","11,5",10
479,24202,INDUSTRI PEMBUATAN LOGAM DASAR BUKAN BESI,10,9,"8,5"
480,24203,INDUSTRI PENGGILINGAN LOGAM BUKAN BESI,10,9,"8,5"
481,24204,INDUSTRI EKSTRUSI LOGAM BUKAN BESI,10,9,"8,5"
482,24205,INDUSTRI PIPA DAN SAMBUNGAN PIPA DARI LOGAM BUKAN BESI DAN BAJA,20,19,18
483,24206,INDUSTRI PENGOLAHAN URANIUM DAN BIJIH URANIUM,10,9,"8,5"
484,24310,INDUSTRI PENGECORAN BESI DAN BAJA,10,9,"8,5"
485,24320,INDUSTRI PENGECORAN LOGAM BUKAN BESI DAN BAJA,10,9,"8,5"
486,25111,"INDUSTRI BARANG DARI LOGAM BUKAN ALUMINIUM SIAP PASANG UNTUK BANGUNAN",10,9,"8,5"
487,25112,INDUSTRI BARANG DARI LOGAM ALUMINIUM SIAP PASANG UNTUK BANGUNAN,20,19,18
488,25113,INDUSTRI KONSTRUKSI BERAT SIAP PASANG DARI BAJA UNTUK BANGUNAN,20,19,18
489,25119,INDUSTRI BARANG DARI LOGAM SIAP PASANG UNTUK KONSTRUKSI LAINNYA,20,19,18
490,25120,"INDUSTRI TANGKI, TANDON AIR DAN WADAH DARI LOGAM",20,19,18
491,25130,"INDUSTRI GENERATOR UAP, BUKAN KETEL PEMANAS",20,19,18
492,25200,INDUSTRI SENJATA DAN AMUNISI,20,19,18
493,25910,"INDUSTRI PENEMPAAN, PENGEPRESAN, PENCETAKAN DAN PEMBENTUKAN",10,9,"8,5"
494,25920,JASA INDUSTRI UNTUK BERBAGAI PENGERJAAN KHUSUS LOGAM DAN BARANG,10,9,"8,5"
495,25931,INDUSTRI ALAT POTONG DAN PERKAKAS TANGAN UNTUK PERTANIAN,20,19,18
496,25932,INDUSTRI ALAT POTONG DAN PERKAKAS TANGAN PERTUKANGAN,20,19,18
497,25933,INDUSTRI ALAT POTONG DAN PERKAKAS TANGAN YANG DIGUNAKAN DALAM,20,19,18
498,25934,INDUSTRI PERALATAN UMUM,20,19,18
499,25940,"INDUSTRI EMBER, KALENG, DRUM DAN WADAH SEJENIS DARI LOGAM",20,19,18
500,25951,INDUSTRI BARANG DARI KAWAT,20,19,18
501,25952,"INDUSTRI PAKU, MUR DAN BAUT",20,19,18
502,25991,"INDUSTRI BRANKAS, FILLING KANTOR DAN SEJENISNYA",20,19,18
503,25992,INDUSTRI PERALATAN DAPUR DAN PERALATAN MEJA DARI LOGAM,20,19,18
504,25993,INDUSTRI KEPERLUAN RUMAH TANGGA DARI LOGAM BUKAN PERALATAN,20,19,18
505,25994,INDUSTRI PEMBUATAN PROFIL,20,19,18
506,25995,INDUSTRI LAMPU DARI LOGAM,20,19,18
507,25999,INDUSTRI BARANG LOGAM LAINNYA YANG TIDAK DAPAT DIKLASIFIKASIKAN DI,20,19,18
508,26110,INDUSTRI TABUNG ELEKTRON DAN KONEKTOR ELEKTRONIK,20,19,18
509,26120,INDUSTRI SEMI KONDUKTOR DAN KOMPONEN ELEKTRONIK LAINNYA,20,19,18
510,26210,INDUSTRI KOMPUTER DAN/ATAU PERAKITAN KOMPUTER,20,19,18
511,26220,INDUSTRI PERLENGKAPAN KOMPUTER,20,19,18
512,26310,INDUSTRI PERALATAN TELEPON DAN FAKSIMILI,20,19,18
513,26320,INDUSTRI PERALATAN KOMUNIKASI TANPA KABEL (WIRELESS),20,19,18
514,26390,INDUSTRI PERALATAN KOMUNIKASI LAINNYA,20,19,18
515,26410,INDUSTRI TELEVISI DAN/ATAU PERAKITAN TELEVISI,20,19,18
516,26420,"INDUSTRI PERALATAN PEREKAM, PENERIMA DAN PENGGANDA AUDIO DAN VIDEO, BUKAN INDUSTRI TELEVISI",20,19,18
517,26490,INDUSTRI PERALATAN AUDIO DAN VIDEO ELEKTRONIK LAINNYA,20,19,18
518,26511,INDUSTRI ALAT UKUR DAN ALAT UJI MANUAL,20,19,18
519,26512,INDUSTRI ALAT UKUR DAN ALAT UJI ELEKTRIK,20,19,18
520,26513,INDUSTRI ALAT UKUR DAN ALAT UJI ELEKTRONIK,20,19,18
521,26514,INDUSTRI ALAT UJI DALAM PROSES INDUSTRI,20,19,18
522,26520,INDUSTRI ALAT UKUR WAKTU,20,19,18
523,26601,"INDUSTRI PERALATAN IRADIASI/SINAR X, PERLENGKAPAN DAN SEJENISNYA",20,19,18
524,26602,INDUSTRI PERALATAN ELEKTROMEDIKAL DAN ELEKTROTERAPI,20,19,18
525,26710,INDUSTRI PERALATAN FOTOGRAFI,20,19,18
526,26791,INDUSTRI KAMERA CINEMATOGRAFI PROYEKTOR DAN PERLENGKAPANNYA,20,19,18
527,26792,INDUSTRI TEROPONG DAN INSTRUMEN OPTIK BUKAN KACA MATA,20,19,18
528,26800,INDUSTRI MEDIA MAGNETIK DAN MEDIA OPTIK,20,19,18
529,27111,INDUSTRI MOTOR LISTRIK,20,19,18
530,27112,INDUSTRI MESIN PEMBANGKIT LISTRIK,20,19,18
531,27113,"INDUSTRI PENGUBAH TEGANGAN (TRANSFORMATOR), PENGUBAH ARUS",20,19,18
532,27120,INDUSTRI PERALATAN PENGONTROL DAN PENDISTRIBUSIAN LISTRIK,20,19,18
533,27201,INDUSTRI BATU BATERAI KERING (BATU BATERAI PRIMER),20,19,18
534,27202,INDUSTRI AKUMULATOR LISTRIK (BATU BATERAI SEKUNDER),20,19,18
535,27310,INDUSTRI KABEL SERAT OPTIK,20,19,18
536,27320,INDUSTRI KABEL LISTRIK DAN ELEKTRONIK LAINNYA,20,19,18
537,27330,INDUSTRI PERLENGKAPAN KABEL,20,19,18
538,27401,"INDUSTRI BOLA LAMPU PIJAR, LAMPU PENERANGAN TERPUSAT DAN LAMPU",20,19,18
539,27402,INDUSTRI LAMPU TABUNG GAS (LAMPU PEMBUANG LISTRIK),20,19,18
540,27403,INDUSTRI PERALATAN PENERANGAN UNTUK ALAT TRANSPORTASI,20,19,18
541,27409,INDUSTRI PERALATAN PENERANGAN LAINNYA,20,19,18
542,27510,INDUSTRI PERALATAN LISTRIK RUMAH TANGGA,20,19,18
543,27520,INDUSTRI PERALATAN ELEKTROTERMAL RUMAH TANGGA,20,19,18
544,27530,INDUSTRI PERALATAN PEMANAS DAN MASAK BUKAN LISTRIK RUMAH TANGGA,20,19,18
545,27900,INDUSTRI PERALATAN LISTRIK LAINNYA,20,19,18
546,28111,"INDUSTRI MESIN UAP, TURBIN DAN KINCIR",20,19,18
547,28112,INDUSTRI MOTOR PEMBAKARAN DALAM,20,19,18
548,28113,INDUSTRI KOMPONEN DAN SUKU CADANG MESIN DAN TURBIN,20,19,18
549,28120,INDUSTRI PERALATAN TENAGA ZAT CAIR DAN GAS,20,19,18
550,28130,"INDUSTRI POMPA LAINNYA, KOMPRESOR, KRAN DAN KLEP/KATUP",20,19,18
551,28140,"INDUSTRI BEARING, RODA GIGI DAN ELEMEN PENGGERAK MESIN",20,19,18
552,28151,"INDUSTRI INDUSTRI OVEN, PERAPIAN DAN TUNGKU PEMBAKAR SEJENIS YANG",20,19,18
553,28152,"INDUSTRI OVEN, PERAPIAN DAN TUNGKU PEMBAKAR SEJENIS YANG",20,19,18
554,28160,INDUSTRI ALAT PENGANGKAT DAN PEMINDAH,20,19,18
555,28171,INDUSTRI MESIN KANTOR DAN AKUNTANSI MANUAL,20,19,18
556,28172,INDUSTRI MESIN KANTOR DAN AKUNTANSI ELEKTRIK,20,19,18
557,28173,INDUSTRI MESIN KANTOR DAN AKUNTANSI ELEKTRONIK,20,19,18
558,28174,INDUSTRI MESIN FOTOCOPI,20,19,18
559,28179,INDUSTRI MESIN DAN PERALATAN KANTOR LAINNYA,20,19,18
560,28180,INDUSTRI PERKAKAS TANGAN YANG DIGERAKKAN TENAGA,20,19,18
561,28191,"INDUSTRI MESIN UNTUK PEMBUNGKUS, PEMBOTOLAN DAN PENGALENGAN",20,19,18
562,28192,INDUSTRI MESIN TIMBANGAN,20,19,18
563,28193,INDUSTRI MESIN PENDINGIN,20,19,18
564,28199,INDUSTRI MESIN UNTUK KEPERLUAN UMUM LAINNYA YANG TIDAK DAPAT,20,19,18
565,28210,INDUSTRI MESIN PERTANIAN DAN KEHUTANAN,20,19,18
566,28221,INDUSTRI MESIN DAN PERKAKAS MESIN UNTUK PENGERJAAN LOGAM,20,19,18
567,28222,INDUSTRI MESIN DAN PERKAKAS MESIN UNTUK PENGERJAAN KAYU,20,19,18
568,28223,INDUSTRI MESIN DAN PERKAKAS MESIN UNTUK PENGERJAAN BAHAN BUKAN,20,19,18
569,28224,INDUSTRI MESIN DAN PERKAKAS MESIN UNTUK PENGELASAN YANG,20,19,18
570,28230,INDUSTRI MESIN METALURGI,20,19,18
571,28240,"INDUSTRI MESIN PENAMBANGAN, PENGGALIAN DAN KONSTRUKSI",20,19,18
572,28250,"INDUSTRI MESIN PENGOLAHAN MAKANAN, MINUMAN DAN TEMBAKAU",20,19,18
573,28261,INDUSTRI KABINET MESIN JAHIT,20,19,18
574,28262,INDUSTRI MESIN JAHIT SERTA MESIN CUCI DAN MESIN PENGERING UNTUK,20,19,18
575,28263,INDUSTRI MESIN TEKSTIL,20,19,18
576,28264,"INDUSTRI JARUM MESIN JAHIT, RAJUT, BORDIR DAN SEJENISNYA",20,19,18
577,28265,INDUSTRI MESIN PENYIAPAN DAN PEMBUATAN PRODUK KULIT,20,19,18
578,28291,INDUSTRI MESIN PERCETAKAN,20,19,18
579,28292,INDUSTRI MESIN PABRIK KERTAS,20,19,18
580,28299,INDUSTRI MESIN KEPERLUAN KHUSUS LAINNYA YANG TIDAK DAPAT,20,19,18
581,29100,INDUSTRI KENDARAAN BERMOTOR RODA EMPAT ATAU LEBIH,20,19,18
582,29200,INDUSTRI KAROSERI KENDARAAN BERMOTOR RODA EMPAT ATAU LEBIH DAN,20,19,18
583,29300,INDUSTRI SUKU CADANG DAN AKSESORI KENDARAAN BERMOTOR RODA,20,19,18
584,30111,INDUSTRI KAPAL DAN PERAHU,20,19,18
585,30112,INDUSTRI BANGUNAN LEPAS PANTAI DAN BANGUNAN TERAPUNG,20,19,18
586,30113,"INDUSTRI PERALATAN, PERLENGKAPAN DAN BAGIAN KAPAL",20,19,18
587,30120,INDUSTRI PEMBUATAN KAPAL PESIAR DAN PERAHU UNTUK OLAHRAGA,20,19,18
588,30200,INDUSTRI LOKOMOTIF DAN GERBONG KERETA,20,19,18
589,30300,INDUSTRI PESAWAT TERBANG DAN PERLENGKAPANNYA,20,19,18
590,30400,INDUSTRI KENDARAAN PERANG,20,19,18
591,30911,INDUSTRI SEPEDA MOTOR RODA DUA DAN TIGA,20,19,18
592,30912,INDUSTRI KOMPONEN DAN PERLENGKAPAN SEPEDA MOTOR RODA DUA DAN,20,19,18
593,30921,INDUSTRI SEPEDA DAN KURSI RODA TERMASUK BECAK,20,19,18
594,30922,INDUSTRI PERLENGKAPAN SEPEDA DAN KURSI RODA TERMASUK BECAK,20,19,18
595,30990,"INDUSTRI ALAT ANGKUTAN LAINNYA YANG TIDAK DAPAT DIKLASIFIKASIKAN DI TEMPAT LAIN",20,19,18
596,31001,INDUSTRI FURNITUR DARI KAYU,15,"13,5","12,5"
597,31002,INDUSTRI FURNITUR DARI ROTAN DAN ATAU BAMBU,15,"13,5","12,5"
598,31003,INDUSTRI FURNITUR DARI PLASTIK,"17,5","16,5",16
599,31004,INDUSTRI FURNITUR DARI LOGAM,20,19,18
600,31009,INDUSTRI FURNITUR LAINNYA,15,"13,5","12,5"
601,32111,INDUSTRI PERMATA,"12,5","11,5",10
602,32112,INDUSTRI BARANG PERHIASAN DARI LOGAM MULIA UNTUK KEPERLUAN,"12,5","11,5",10
603,32113,INDUSTRI BARANG PERHIASAN DARI LOGAM MULIA BUKAN UNTUK KEPERLUAN,"12,5","11,5",10
604,32114,INDUSTRI BARANG DARI LOGAM MULIA UNTUK KEPERLUAN TEKNIK DAN ATAU,"12,5","11,5",10
605,32115,INDUSTRI PERHIASAN MUTIARA,"12,5","11,5",10
606,32119,INDUSTRI BARANG LAINNYA DARI LOGAM MULIA,"12,5","11,5",10
607,32120,INDUSTRI PERHIASAN IMITASI DAN BARANG SEJENIS,"12,5","11,5",10
608,32201,INDUSTRI ALAT MUSIK TRADISIONAL,15,"12,5","12,5"
609,32202,INDUSTRI ALAT MUSIK BUKAN TRADISIONAL,15,"12,5","12,5"
610,32300,INDUSTRI ALAT OLAHRAGA,15,"12,5","12,5"
611,32401,INDUSTRI ALAT PERMAINAN,15,"12,5","12,5"
612,32402,INDUSTRI MAINAN ANAK-ANAK,15,"12,5","12,5"
613,32501,"INDUSTRI FURNITUR UNTUK OPERASI, PERAWATAN KEDOKTERAN DAN","13,5",12,11
614,32502,"INDUSTRI PERALATAN KEDOKTERAN DAN KEDOKTERAN GIGI, PERLENGKAPAN","13,5",12,11
615,32503,INDUSTRI KACA MATA,"13,5",12,11
616,32509,INDUSTRI PERALATAN KEDOKTERAN DAN KEDOKTERAN GIGI SERTA,"13,5",12,11
617,32901,INDUSTRI ALAT TULIS DAN GAMBAR TERMASUK PERLENGKAPANNYA,15,"12,5","12,5"
618,32902,INDUSTRI PITA MESIN TULIS/GAMBAR,15,"12,5","12,5"
619,32903,INDUSTRI KERAJINAN YANG TIDAK DAPAT DIKLASIFIKASIKAN DI TEMPAT LAIN,15,"12,5","12,5"
620,32904,INDUSTRI PERALATAN UNTUK PELINDUNG KESELAMATAN,15,"12,5","12,5"
621,32905,INDUSTRI DARI SABUT KELAPA,15,"12,5","12,5"
622,32909,INDUSTRI PENGOLAHAN LAINNYA YANG TIDAK DAPAT DIKLASIFIKASIKAN DI,15,"12,5","12,5"
623,33111,"JASA REPARASI PRODUK LOGAM SIAP PASANG UNTUK BANGUNAN, TANGKI,",20,"18,5","17,5"
624,33112,JASA REPARASI PRODUK SENJATA DAN AMUNISI,20,"18,5","17,5"
625,33119,JASA REPARASI PRODUK LOGAM PABRIKASI LAINNYA,20,"18,5","17,5"
626,33121,JASA REPARASI MESIN UNTUK KEPERLUAN UMUM,20,"18,5","17,5"
627,33122,JASA REPARASI MESIN UNTUK KEPERLUAN KHUSUS,20,"18,5","17,5"
628,33131,"JASA REPARASI ALAT UKUR, ALAT UJI DAN PERALATAN NAVIGASI DAN",20,"18,5","17,5"
629,33132,"JASA REPARASI PERALATAN IRRADIASI, ELEKTROMEDIS DAN ELEKTROTHERAPI",20,"18,5","17,5"
630,33133,JASA REPARASI PERALATAN FOTOGRAFI DAN OPTIK,20,"18,5","17,5"
631,33141,"JASA REPARASI MOTOR LISTRIK, GENERATOR DAN TRANSFORMATOR",50,50,50
632,33142,JASA REPARASI BATERAI DAN AKUMULATOR LISTRIK,50,50,50
633,33149,JASA REPARASI PERALATAN LISTRIK LAINNYA,50,50,50
634,33151,"JASA REPARASI KAPAL, PERAHU DAN BANGUNAN TERAPUNG",20,"18,5","17,5"
635,33152,JASA REPARASI LOKOMOTIF DAN GERBONG KERETA,20,"18,5","17,5"
636,33153,JASA REPARASI PESAWAT TERBANG,20,"18,5","17,5"
637,33159,"JASA REPARASI ALAT ANGKUTAN LAINNYA, BUKAN KENDARAAN BERMOTOR",20,"18,5","17,5"
638,33190,JASA REPARASI PERALATAN LAINNYA,20,"18,5","17,5"
639,33200,JASA PEMASANGAN MESIN DAN PERALATAN INDUSTRI,35,35,35
640,35101,PEMBANGKITAN TENAGA LISTRIK,21,21,21
641,35102,TRANSMISI TENAGA LISTRIK,-,-,-
642,35103,DISTRIBUSI TENAGA LISTRIK,-,-,-
643,35104,JASA PENUNJANG KELISTRIKAN,-,-,-
644,35201,PENGADAAN GAS ALAM DAN BUATAN,-,-,-
648,36001,"PENAMPUNGAN, PENJERNIHAN DAN PENYALURAN AIR MINUM",20,20,20
649,36002,PENAMPUNGAN DAN PENYALURAN AIR BAKU,20,20,20
650,36003,JASA PENUNJANG PENGADAAN AIR,-,-,-
651,37000,PENGELOLAAN LIMBAH,40,37,35
652,38110,PENGUMPULAN SAMPAH YANG TIDAK BERBAHAYA,40,37,35
653,38120,PENGUMPULAN SAMPAH YANG BERBAHAYA,40,37,35
654,38211,PENGELOLAAN DAN PEMBUANGAN SAMPAH YANG TIDAK BERBAHAYA,40,37,35
655,38212,PRODUKSI KOMPOS SAMPAH ORGANIK,40,37,35
656,38220,PENGELOLAAN DAN PEMBUANGAN SAMPAH YANG BERBAHAYA,40,37,35
657,38301,DAUR ULANG BARANG LOGAM,40,37,35
658,38302,DAUR ULANG BARANG BUKAN LOGAM,40,37,35
659,38303,PEMOTONGAN KAPAL (SHIP BREAKING),-,-,-
660,39000,JASA PEMBERSIHAN DAN PENGELOLAAN SAMPAH LAINNYA,40,37,35
661,41011,KONSTRUKSI GEDUNG TEMPAT TINGGAL,20,19,18
662,41012,KONSTRUKSI GEDUNG PERKANTORAN,20,19,18
663,41013,KONSTRUKSI GEDUNG INDUSTRI,20,19,18
664,41014,KONSTRUKSI GEDUNG PERBELANJAAN,20,19,18
665,41015,KONSTRUKSI GEDUNG KESEHATAN,20,19,18
666,41016,KONSTRUKSI GEDUNG PENDIDIKAN,20,19,18
667,41017,KONSTRUKSI GEDUNG PENGINAPAN,20,19,18
668,41018,KONSTRUKSI GEDUNG TEMPAT HIBURAN,20,19,18
669,41019,KONSTRUKSI GEDUNG LAINNYA,20,19,18
670,41020,PEMASANGAN BANGUNAN KONSTRUKSI PRAFABRIKASI UNTUK KONSTRUKSI,20,19,18
671,42111,KONSTRUKSI JALAN RAYA,20,19,18
672,42112,KONSTRUKSI JEMBATAN DAN JALAN LAYANG,20,19,18
673,42113,KONSTRUKSI LANDASAN PACU PESAWAT TERBANG,20,19,18
674,42114,KONSTRUKSI JALAN KERETA API DAN JEMBATAN KERETA API,20,19,18
675,42115,KONSTRUKSI TEROWONGAN,20,19,18
676,42120,PEMASANGAN BANGUNAN KONSTRUKSI PRAFABRIKASI UNTUK KONSTRUKSI,20,19,18
677,42211,KONSTRUKSI JARINGAN SALURAN IRIGASI,25,22.5,20
678,42212,"KONSTRUKSI BANGUNAN PENGOLAHAN, PENYALURAN DAN PENAMPUNGAN AIR",25,22.5,20
679,42213,KONSTRUKSI BANGUNAN ELEKTRIKAL,25,22.5,20
680,42214,KONSTRUKSI TELEKOMUNIKASI SARANA BANTU NAVIGASI LAUT DAN RAMBU,25,22.5,20
681,42215,KONSTRUKSI TELEKOMUNIKASI NAVIGASI UDARA,25,22.5,20
682,42216,KONSTRUKSI SINYAL DAN TELEKOMUNIKASI KERETA API,25,22.5,20
683,42217,KONSTRUKSI SENTRAL TELEKOMUNIKASI,25,22.5,20
684,42218,PEMBUATAN/PENGEBORAN SUMUR AIR TANAH,25,22.5,20
685,42219,KONSTRUKSI JARINGAN SALURAN ELEKTRIKAL DAN TELEKOMUNIKASI LAINNYA,25,22.5,20
686,42220,PEMASANGAN BANGUNAN KONSTRUKSI PRAFABRIKASI UNTUK KONSTRUKSI,25,22.5,20
687,42911,KONSTRUKSI BANGUNAN PRASARANA SUMBER DAYA AIR,25,22.5,20
688,42912,KONSTRUKSI BANGUNAN PELABUHAN BUKAN PERIKANAN,25,22.5,20
689,42913,KONSTRUKSI BANGUNAN PELABUHAN PERIKANAN,25,22.5,20
690,42914,KONSTRUKSI BANGUNAN PENGOLAHAN DAN PENAMPUNGAN BARANG MINYAK,20,19,18
691,42915,PENGERUKAN,20,19,18
692,42919,KONSTRUKSI BANGUNAN SIPIL LAINNYA YANG TIDAK DAPAT DIKLASIFIKASIKAN,20,19,18
693,42920,PEMASANGAN BANGUNAN KONSTRUKSI PRAFABRIKASI UNTUK KONSTRUKSI,20,19,18
694,43110,PEMBONGKARAN,20,19,18
695,43120,PENYIAPAN LAHAN,20,19,18
696,43211,INSTALASI LISTRIK,20,19,18
697,43212,INSTALASI TELEKOMUNIKASI,20,19,18
698,43213,INSTALASI NAVIGASI LAUT DAN SUNGAI,20,19,18
699,43214,INSTALASI NAVIGASI UDARA,20,19,18
700,43215,INSTALASI SINYAL DAN TELEKOMUNIKASI KERETA API,20,19,18
701,43216,INSTALASI SINYAL DAN RAMBU-RAMBU JALAN RAYA,20,19,18
702,43217,INSTALASI ELEKTRONIKA,20,19,18
703,43221,INSTALASI AIR (PIPA),20,19,18
704,43222,INSTALASI PEMANAS DAN GEOTERMAL,20,19,18
705,43223,INSTALASI MINYAK DAN GAS,20,19,18
706,43224,INSTALASI PENDINGIN DAN VENTILASI UDARA,20,19,18
707,43291,INSTALASI MEKANIKAL,20,19,18
708,43292,"INSTALASI METEOROLOGI, KLIMATOLOGI DAN GEOFISIKA",20,19,18
709,43299,INSTALASI KONSTRUKSI LAINNYA YANG TIDAK DAPAT DIKLASIFIKASIKAN DI,20,19,18
710,43301,PENGERJAAN PEMASANGAN KACA DAN ALUMUNIUM,20,19,18
711,43302,"PENGERJAAN LANTAI, DINDING, PERALATAN SANITER DAN PLAFON",20,19,18
712,43303,PENGECATAN,20,19,18
713,43304,DEKORASI INTERIOR,20,19,18
714,43305,DEKORASI EKSTERIOR,20,19,18
715,43309,PENYELESAIAN KONSTRUKSI BANGUNAN LAINNYA,20,19,18
716,43901,PEMASANGAN PONDASI DAN PILAR,20,19,18
717,43902,PEMASANGAN PERANCAH (STEIGER),20,19,18
718,43903,PEMASANGAN ATAP/ROOF COVERING,20,19,18
719,43904,PEMASANGAN KERANGKA BAJA,20,19,18
720,43905,PENYEWAAN ALAT KONSTRUKSI DENGAN OPERATOR,49,49,48
721,43909,KONSTRUKSI KHUSUS LAINNYA YANG TIDAK DAPAT DIKLASIFIKASIKAN DI,20,19,18
722,45101,PERDAGANGAN BESAR MOBIL BARU,25,20,20
723,45102,PERDAGANGAN BESAR MOBIL BEKAS,25,20,20
724,45103,PERDAGANGAN ECERAN MOBIL BARU,30,25,20
725,45104,PERDAGANGAN ECERAN MOBIL BEKAS,30,25,20
726,45201,REPARASI MOBIL,20,"18,5","17,5"
727,45202,PENCUCIAN DAN SALON MOBIL,20,"18,5","17,5"
728,45301,PERDAGANGAN BESAR SUKU CADANG DAN AKSESORI MOBIL,25,20,20
729,45302,PERDAGANGAN ECERAN SUKU CADANG DAN AKSESORI MOBIL,30,25,20
730,45401,PERDAGANGAN BESAR SEPEDA MOTOR BARU,25,20,20
731,45402,PERDAGANGAN BESAR SEPEDA MOTOR BEKAS,25,20,20
733,45404,PERDAGANGAN ECERAN SEPEDA MOTOR BEKAS,30,25,20
734,45405,PERDAGANGAN BESAR SUKU CADANG SEPEDA MOTOR DAN AKSESORINYA,25,20,20
735,45406,PERDAGANGAN ECERAN SUKU CADANG SEPEDA MOTOR DAN AKSESORINYA,30,25,20
736,45407,REPARASI DAN PERAWATAN SEPEDA MOTOR,20,"18,5","17,5"
737,46100,PERDAGANGAN BESAR ATAS DASAR BALAS JASA (FEE) ATAU KONTRAK,25,20,20
738,46201,PERDAGANGAN BESAR PADI DAN PALAWIJA,25,20,20
739,46202,PERDAGANGAN BESAR BUAH YANG MENGANDUNG MINYAK,25,20,20
748,46312,PERDAGANGAN BESAR BUAH-BUAHAN,25,20,20
749,46313,PERDAGANGAN BESAR SAYURAN,25,20,20
750,46314,"PERDAGANGAN BESAR KOPI, TEH DAN KAKAO",25,20,20
752,46319,"PERDAGANGAN BESAR BAHAN MAKANAN DAN MINUMAN HASIL PERTANIAN LAINNYA",25,20,20
753,46321,PERDAGANGAN BESAR DAGING SAPI DAN DAGING SAPI OLAHAN,25,20,20
754,46322,PERDAGANGAN BESAR DAGING AYAM DAN DAGING AYAM OLAHAN,25,20,20
755,46323,PERDAGANGAN BESAR DAGING DAN DAGING OLAHAN LAINNYA,25,20,20
756,46324,PERDAGANGAN BESAR HASIL OLAHAN PERIKANAN,25,20,20
757,46325,PERDAGANGAN BESAR TELUR DAN HASIL OLAHAN TELUR,25,20,20
758,46326,PERDAGANGAN BESAR SUSU DAN PRODUK SUSU,25,20,20
759,46327,PERDAGANGAN BESAR MINYAK DAN LEMAK HEWANI,25,20,20
760,46331,"PERDAGANGAN BESAR GULA, COKLAT DAN KEMBANG GULA",25,20,20
762,46333,PERDAGANGAN BESAR MINUMAN BERALKOHOL,25,20,20
763,46334,PERDAGANGAN BESAR MINUMAN NON ALKOHOL BUKAN SUSU,25,20,20
764,46335,PERDAGANGAN BESAR ROKOK DAN TEMBAKAU,25,20,20
765,46339,PERDAGANGAN BESAR MAKANAN DAN MINUMAN LAINNYA,25,20,20
766,46411,PERDAGANGAN BESAR TEKSTIL,25,20,20
767,46412,PERDAGANGAN BESAR PAKAIAN,25,20,20
768,46413,PERDAGANGAN BESAR ALAS KAKI,25,20,20
769,46414,PERDAGANGAN BESAR BARANG LAINNYA DARI TEKSTIL,25,20,20
770,46419,"PERDAGANGAN BESAR TEKSTIL, PAKAIAN DAN ALAS KAKI LAINNYA",25,20,20
771,46421,PERDAGANGAN BESAR ALAT TULIS DAN GAMBAR,25,20,20
772,46422,"PERDAGANGAN BESAR BARANG PERCETAKAN DAN PENERBITAN DALAM BERBAGAI BENTUK",25,20,20
773,46430,PERDAGANGAN BESAR ALAT FOROGRAFI DAN BARANG OPTIK,25,20,20
774,46491,PERDAGANGAN BESAR PERALATAN DAN PERLENGKAPAN RUMAH TANGGA,25,20,20
775,46492,PERDAGANGAN BESAR FARMASI,25,20,20
776,46493,PERDAGANGAN BESAR OBAT TRADISIONAL,25,20,20
777,46494,PERDAGANGAN BESAR KOSMETIK,25,20,20
778,46495,PERDAGANGAN BESAR ALAT OLAHRAGA,25,20,20
779,46496,PERDAGANGAN BESAR ALAT MUSIK,25,20,20
780,46497,PERDAGANGAN BESAR PERHIASAN DAN JAM,25,20,20
781,46498,PERDAGANGAN BESAR ALAT PERMAINAN DAN MAINAN ANAK足ANAK,25,20,20
782,46499,"PERDAGANGAN BESAR BERBAGAI BARANG DAN PERLENGKAPAN RUMAH TANGGA LAINNYA YANG TIDAK DAPAT DIKLASIFIKASIKAN DI TEMPAT LAIN",25,20,20
784,46512,PERDAGANGAN BESAR PIRANTI LUNAK,25,20,20
785,46521,PERDAGANGAN BESAR PERLENGKAPAN ELEKTRONIK,25,20,20
786,46522,"PERDAGANGAN BESAR DISKET, PITA AUDIO DAN VIDEO, CD DAN DVD KOSONG",25,20,20
787,46523,PERDAGANGAN BESAR PERALATAN TELEKOMUNIKASI,25,20,20
788,46530,"PERDAGANGAN BESAR MESIN, PERALATAN DAN PERLENGKAPAN PERTANIAN",25,20,20
789,46591,"PERDAGANGAN BESAR MESIN KANTOR DAN INDUSTRI, SUKU CADANG DAN",25,20,20
790,46592,"PERDAGANGAN BESAR ALAT TRANSPORTASI LAUT, SUKU CADANG DAN",25,20,20
791,46593,"PERDAGANGAN BESAR ALAT TRANSPORTASI DARAT (BUKAN MOBIL, SEPEDA",25,20,20
792,46594,"PERDAGANGAN BESAR ALAT TRANSPORTASI UDARA, SUKU CADANG DAN",25,20,20
793,46599,"PERDAGANGAN BESAR MESIN, PERALATAN DAN PERLENGKAPAN LAINNYA",25,20,20
794,46610,"PERDAGANGAN BESAR BAHAN BAKAR PADAT, CAIR DAN GAS DAN PRODUK",25,20,20
795,46620,PERDAGANGAN BESAR LOGAM DAN BIJIH LOGAM,25,20,20
796,46631,PERDAGANGAN BESAR BARANG LOGAM UNTUK BAHAN KONSTRUKSI,25,20,20
797,46632,PERDAGANGAN BESAR KACA,25,20,20
798,46633,"PERDAGANGAN BESAR GENTENG, BATU BATA, UBIN DAN SEJENISNYA DARI TANAH LIAT, KAPUR, SEMEN ATAU KACA",25,20,20
799,46634,"PERDAGANGAN BESAR SEMEN, KAPUR, PASIR DAN BATU",25,20,20
800,46635,PERDAGANGAN BESAR BAHAN KONSTRUKSI DARI PORSELEN,25,20,20
801,46636,PERDAGANGAN BESAR BAHAN KONSTRUKSI DARI KAYU,25,20,20
802,46637,PERDAGANGAN BESAR CAT,25,20,20
803,46638,PERDAGANGAN BESAR BERBAGAI MACAM MATERIAL BANGUNAN,25,20,20
804,46639,PERDAGANGAN BESAR BAHAN KONSTRUKSI LAINNYA,25,20,20
805,46691,PERDAGANGAN BESAR BAHAN DAN BARANG KIMIA DASAR,25,20,20
806,46692,PERDAGANGAN BESAR PUPUK DAN PRODUK AGROKIMIA,25,20,20
807,46693,"PERDAGANGAN BESAR ALAT LABORATORIUM, FARMASI DAN KEDOKTERAN",25,20,20
808,46694,PERDAGANGAN BESAR KARET DAN PLASTIK DALAM BENTUK DASAR,25,20,20
809,46695,PERDAGANGAN BESAR KERTAS DAN KARTON,25,20,20
810,46696,PERDAGANGAN BESAR BARANG DARI KERTAS DAN KARTON,25,20,20
811,46697,PERDAGANGAN BESAR BARANG BEKAS DAN SISA-SISA TAK TERPAKAI (SCRAP),25,20,20
812,46699,PERDAGANGAN BESAR PRODUK LAINNYA TERMASUK BARANG SISA DAN,25,20,20
813,46900,"PERDAGANGAN BESAR BERBAGAI MACAM BARANG PERDAGANGAN ECERAN,",25,20,20
814,47111,PERDAGANGAN ECERAN BERBAGAI MACAM BARANG YANG UTAMANYA,30,25,20
815,47112,PERDAGANGAN ECERAN BERBAGAI MACAM BARANG YANG UTAMANYA,30,25,20
816,47191,PERDAGANGAN ECERAN BERBAGAI MACAM BARANG YANG UTAMANYA BUKAN,30,25,20
817,47192,"PERDAGANGAN ECERAN BERBAGAI MACAM BARANG YANG UTAMANYA BUKAN MAKANAN, MINUMAN ATAU TEMBAKAU (BARANG-BARANG KELONTONG) BUKAN DI TOSERBA (DEPARTMENT STORE)",30,25,20
818,47211,PERDAGANGAN ECERAN PADI DAN PALAWIJA,20,15,15
819,47212,PERDAGANGAN ECERAN BUAH-BUAHAN,20,15,15
820,47213,PERDAGANGAN ECERAN SAYURAN,20,15,15
821,47214,PERDAGANGAN ECERAN HASIL PETERNAKAN,20,15,15
822,47215,PERDAGANGAN ECERAN HASIL PERIKANAN,20,15,15
823,47216,PERDAGANGAN ECERAN HASIL KEHUTANAN DAN PERBURUAN,20,15,15
824,47219,PERDAGANGAN ECERAN HASIL PERTANIAN LAINNYA,20,15,15
825,47221,PERDAGANGAN ECERAN MINUMAN BERALKOHOL,25,20,20
826,47222,PERDAGANGAN ECERAN MINUMAN TIDAK BERALKOHOL,25,20,20
827,47230,PERDAGANGAN ECERAN KHUSUS ROKOK DAN TEMBAKAU DI TOKO,25,20,20
828,47241,PERDAGANGAN ECERAN BERAS,25,20,20
829,47242,"PERDAGANGAN ECERAN ROTI, KUE KERING, SERTA KUE BASAH DAN SEJENISNYA",25,20,20
830,47243,"PERDAGANGAN ECERAN KOPI, GULA PASIR DAN GULA MERAH",25,20,20
831,47244,"PERDAGANGAN ECERAN TAHU, TEMPE, TAUCO DAN ONCOM",25,20,20
832,47245,PERDAGANGAN ECERAN DAGING DAN IKAN OLAHAN,25,20,20
833,47249,PERDAGANGAN ECERAN MAKANAN LAINNYA,25,20,20
834,47301,PERDAGANGAN ECERAN BAHAN BAKAR KENDARAAN DI SPBU,30,25,20
835,47302,"PERDAGANGAN ECERAN PREMIUM, PREMIX DAN SOLAR DI TOKO",30,25,20
836,47303,PERDAGANGAN ECERAN MINYAK PELUMAS DI TOKO,30,25,20
837,47411,PERDAGANGAN ECERAN KOMPUTER DAN PERLENGKAPANNYA,30,25,20
839,47413,PERDAGANGAN ECERAN PIRANTI LUNAK (SOFTWARE),30,25,20
840,47414,PERDAGANGAN ECERAN ALAT TELEKOMUNIKASI,30,25,20
841,47415,PERDAGANGAN ECERAN MESIN KANTOR,30,25,20
842,47420,PERDAGANGAN ECERAN KHUSUS PERALATAN AUDIO DAN VIDEO DI TOKO,30,25,20
843,47511,PERDAGANGAN ECERAN TEKSTIL,30,25,20
844,47512,PERDAGANGAN ECERAN PERLENGKAPAN RUMAH TANGGA DARI TEKSTIL,30,25,20
845,47513,PERDAGANGAN ECERAN PERLENGKAPAN JAHIT MENJAHIT,30,25,20
846,47521,PERDAGANGAN ECERAN BARANG LOGAM UNTUK BAHAN KONSTRUKSI,30,25,20
847,47522,PERDAGANGAN ECERAN KACA,30,25,20
848,47523,"PERDAGANGAN ECERAN GENTENG, BATU BATA, UBIN DAN SEJENISNYA DARI TANAH LIAT, KAPUR, SEMEN ATAU KACA",30,25,20
849,47524,"PERDAGANGAN ECERAN SEMEN, KAPUR, PASIR DAN BATU",30,25,20
850,47525,PERDAGANGAN ECERAN BAHAN KONSTRUKSI DARI PORSELEN,30,25,20
851,47526,PERDAGANGAN ECERAN BAHAN KONSTRUKSI DARI KAYU,30,25,20
852,47527,"PERDAGANGAN ECERAN CAT, PERNIS DAN LAK",30,25,20
853,47528,PERDAGANGAN ECERAN BERBAGAI MACAM MATERIAL BANGUNAN,30,25,20
854,47529,PERDAGANGAN ECERAN BAHAN DAN BARANG KONSTRUKSI LAINNYA,30,25,20
855,47530,"PERDAGANGAN ECERAN KHUSUS KARPET, PERMADANI DAN PENUTUP DINDING DAN LANTAI DI TOKO",30,25,20
856,47591,PERDAGANGAN ECERAN FURNITUR,30,25,20
857,47592,"PERDAGANGAN ECERAN PERALATAN LISTRIK RUMAH TANGGA DAN PERALATAN PENERANGAN DAN PERLENGKAPANNYA",30,25,20
858,47593,"PERDAGANGAN ECERAN BARANG PECAH BELAH DAN PERLENGKAPAN DAPUR DARI PLASTIK",30,25,20
859,47594,PERDAGANGAN ECERAN BARANG PECAH BELAH DAN PERLENGKAPAN DAPUR,30,25,20
860,47595,PERDAGANGAN ECERAN BARANG PECAH BELAH DAN PERLENGKAPAN DAPUR,30,25,20
861,47596,PERDAGANGAN ECERAN BARANG PECAH BELAH DAN PERLENGKAPAN DAPUR,30,25,20
862,47597,PERDAGANGAN ECERAN ALAT MUSIK,30,25,20
863,47599,PERDAGANGAN ECERAN PERALATAN DAN PERLENGKAPAN RUMAH TANGGA,30,25,20
864,47611,PERDAGANGAN ECERAN ALAT TULIS MENULIS DAN GAMBAR,30,25,20
865,47612,PERDAGANGAN ECERAN HASIL PENCETAKAN DAN PENERBITAN,30,25,20
866,47620,PERDAGANGAN ECERAN KHUSUS REKAMAN MUSIK DAN VIDEO DI TOKO,30,25,20
867,47630,PERDAGANGAN ECERAN KHUSUS PERALATAN OLAHRAGA DI TOKO,30,25,20
868,47640,PERDAGANGAN ECERAN KHUSUS ALAT PERMAINAN DAN MAINAN ANAK-ANAK DI,30,25,20
869,47650,"PERDAGANGAN ECERAN KERTAS, KERTAS KARTON DAN BARANG DARI",30,25,20
870,47711,PERDAGANGAN ECERAN PAKAIAN,30,25,20
871,47712,"PERDAGANGAN ECERAN SEPATU, SANDAL DAN ALAS KAKI LAINNYA",30,25,20
872,47713,PERDAGANGAN ECERAN PELENGKAP PAKAIAN,30,25,20
873,47714,"PERDAGANGAN ECERAN TAS, DOMPET, KOPER, RANSEL DAN SEJENISNYA",30,25,20
874,47721,PERDAGANGAN ECERAN BAHAN KIMIA,30,25,20
875,47722,PERDAGANGAN ECERAN BARANG FARMASI DI APOTIK,30,25,20
876,47723,PERDAGANGAN ECERAN BARANG FARMASI BUKAN DI APOTIK,30,25,20
880,47727,PERDAGANGAN ECERAN AROMATIK/PENYEGAR (MINYAK ATSIRI),30,25,20
881,47729,PERDAGANGAN ECERAN LAINNYA BUKAN YANG TERCAKUP PADA KELOMPOK,30,25,20
882,47731,PERDAGANGAN ECERAN ALAT FOTOGRAFI DAN PERLENGKAPANNYA,30,25,20
883,47732,PERDAGANGAN ECERAN ALAT OPTIK DAN PERLENGKAPANNYA,30,25,20
884,47733,PERDAGANGAN ECERAN KACA MATA,30,25,20
885,47734,PERDAGANGAN ECERAN JAM,30,25,20
886,47735,PERDAGANGAN ECERAN BARANG PERHIASAN,30,25,20
887,47736,PERDAGANGAN ECERAN PERLENGKAPAN PENGENDARA KENDARAAN,30,25,20
888,47737,PERDAGANGAN ECERAN PEMBUNGKUS DARI PLASTIK,30,25,20
889,47739,PERDAGANGAN ECERAN KHUSUS BARANG BARU LAINNYA YANG TIDAK DAPAT,30,25,20
890,47741,PERDAGANGAN ECERAN BARANG BEKAS PERLENGKAPAN RUMAH TANGGA,30,25,20
891,47742,"PERDAGANGAN ECERAN PAKAIAN, ALAS KAKI DAN PELENGKAP PAKAIAN BEKAS",30,25,20
892,47743,PERDAGANGAN ECERAN BARANG PERLENGKAPAN PRIBADI BEKAS,30,25,20
893,47744,PERDAGANGAN ECERAN BARANG LISTRIK DAN ELEKTRONIK BEKAS,30,25,20
894,47745,PERDAGANGAN ECERAN BAHAN KONSTRUKSI DAN SANITASI BEKAS,30,25,20
895,47746,PERDAGANGAN ECERAN BARANG ANTIK,30,25,20
896,47749,PERDAGANGAN ECERAN BARANG BEKAS LAINNYA,30,25,20
897,47751,PERDAGANGAN ECERAN HEWAN PIARAAN (PET ANIMALS),30,25,20
898,47752,PERDAGANGAN ECERAN HEWAN TERNAK,30,25,20
899,47753,PERDAGANGAN ECERAN IKAN HIAS,30,25,20
900,47754,PERDAGANGAN ECERAN PAKAN TERNAK/UNGGAS/IKAN DAN HEWAN PIARAAN,30,25,20
901,47761,PERDAGANGAN ECERAN BUNGA POTONG/FLORIST,30,25,20
902,47762,"PERDAGANGAN ECERAN TANAMAN HIAS, BIBIT BUAH-BUAHAN DAN TANAMAN OBAT",30,25,20
903,47763,PERDAGANGAN ECERAN PUPUK DAN PEMBERANTAS HAMA,30,25,20
904,47764,PERDAGANGAN ECERAN PERLENGKAPAN DAN MEDIA TANAMAN HIAS,30,25,20
906,47772,PERDAGANGAN ECERAN GAS ELPIJI,30,25,20
907,47779,PERDAGANGAN ECERAN BAHAN BAKAR LAINNYA,30,25,20
908,47781,"PERDAGANGAN ECERAN BARANG KERAJINAN DARI KAYU, BAMBU, ROTAN,",30,25,20
909,47782,"PERDAGANGAN ECERAN BARANG KERAJINAN DARI KULIT, TULANG, TANDUK,",30,25,20
910,47783,PERDAGANGAN ECERAN BARANG KERAJINAN DARI LOGAM,30,25,20
911,47784,PERDAGANGAN ECERAN BARANG KERAJINAN DARI KERAMIK,30,25,20
912,47785,PERDAGANGAN ECERAN LUKISAN,30,25,20
913,47789,PERDAGANGAN ECERAN BARANG KERAJINAN DAN LUKISAN LAINNYA,30,25,20
914,47791,PERDAGANGAN ECERAN MESIN PERTANIAN DAN PERLENGKAPANNYA,30,25,20
915,47792,PERDAGANGAN ECERAN MESIN JAHIT DAN PERLENGKAPANNYA,30,25,20
916,47793,PERDAGANGAN ECERAN MESIN LAINNYA DAN PERLENGKAPANNYA,30,25,20
917,47794,"PERDAGANGAN ECERAN ALAT TRANSPORTASI DARAT TIDAK BERMOTOR DAN PERLENGKAPANNYA",30,25,20
918,47795,PERDAGANGAN ECERAN ALAT TRANSPORTASI AIR DAN PERLENGKAPANNYA,30,25,20
920,47797,PERDAGANGAN ECERAN ALAT-ALAT PERTUKANGAN,30,25,20
921,47811,"PERDAGANGAN ECERAN KAKI LIMA DAN LOS PASAR KOMODITI PADI DAN PALAWIJA",30,25,20
922,47812,PERDAGANGAN ECERAN KAKI LIMA DAN LOS PASAR KOMODITI BUAH-BUAHAN,30,25,20
923,47813,PERDAGANGAN ECERAN KAKI LIMA DAN LOS PASAR KOMODITI SAYUR-,30,25,20
924,47814,PERDAGANGAN ECERAN KAKI LIMA DAN LOS PASAR KOMODITI HASIL,30,25,20
925,47815,PERDAGANGAN ECERAN KAKI LIMA DAN LOS PASAR KOMODITI HASIL,30,25,20
926,47816,PERDAGANGAN ECERAN KAKI LIMA DAN LOS PASAR KOMODITI HASIL,30,25,20
927,47819,PERDAGANGAN ECERAN KAKI LIMA DAN LOS PASAR KOMODITI TANAMAN HIAS,30,25,20
928,47821,PERDAGANGAN ECERAN KAKI LIMA DAN LOS PASAR BERAS,30,25,20
929,47822,"PERDAGANGAN ECERAN KAKI LIMA DAN LOS PASAR ROTI, KUE KERING, KUE",30,25,20
930,47823,"PERDAGANGAN ECERAN KAKI LIMA DAN LOS PASAR KOPI, GULA PASIR, GULA",30,25,20
931,47824,"PERDAGANGAN ECERAN KAKI LIMA DAN LOS PASAR TAHU, TEMPE, TAUCO DAN",30,25,20
932,47825,PERDAGANGAN ECERAN KAKI LIMA DAN LOS PASAR DAGING OLAHAN DAN,30,25,20
933,47826,PERDAGANGAN ECERAN KAKI LIMA DAN LOS PASAR MINUMAN,30,25,20
934,47827,PERDAGANGAN ECERAN KAKI LIMA DAN LOS PASAR ROKOK DAN TEMBAKAU,30,25,20
935,47828,"PERDAGANGAN ECERAN KAKI LIMA DAN LOS PASAR PAKAN TERNAK, PAKAN",30,25,20
936,47829,PERDAGANGAN ECERAN KAKI LIMA DAN LOS PASAR KOMODITI MAKANAN DAN,30,25,20
937,47831,PERDAGANGAN ECERAN KAKI LIMA DAN LOS PASAR TEKSTIL,30,25,20
938,47832,PERDAGANGAN ECERAN KAKI LIMA DAN LOS PASAR PAKAIAN,30,25,20
939,47833,"PERDAGANGAN ECERAN KAKI LIMA DAN LOS PASAR SEPATU, SANDAL DAN",30,25,20
940,47834,PERDAGANGAN ECERAN KAKI LIMA DAN LOS PASAR PELENGKAP PAKAIAN DAN,30,25,20
941,47841,PERDAGANGAN ECERAN KAKI LIMA DAN LOS PASAR BAHAN KIMIA,30,25,20
942,47842,PERDAGANGAN ECERAN KAKI LIMA DAN LOS PASAR FARMASI,30,25,20
943,47843,PERDAGANGAN ECERAN KAKI LIMA DAN LOS PASAR OBAT TRADISIONAL,30,25,20
944,47844,PERDAGANGAN ECERAN KAKI LIMA DAN LOS PASAR KOSMETIK,30,25,20
945,47845,PERDAGANGAN ECERAN KAKI LIMA DAN LOS PASAR PUPUK DAN PEMBERANTAS,30,25,20
946,47846,PERDAGANGAN ECERAN KAKI LIMA DAN LOS PASAR AROMATIK/PENYEGAR,30,25,20
947,47849,"PERDAGANGAN ECERAN KAKI LIMA DAN LOS PASAR BAHAN KIMIA, FARMASI,",30,25,20
948,47851,PERDAGANGAN ECERAN KAKI LIMA DAN LOS PASAR KACA MATA,30,25,20
949,47852,PERDAGANGAN ECERAN KAKI LIMA DAN LOS PASAR BARANG PERHIASAN,30,25,20
950,47853,PERDAGANGAN ECERAN KAKI LIMA DAN LOS PASAR JAM,30,25,20
951,47854,"PERDAGANGAN ECERAN KAKI LIMA DAN LOS PASAR TAS, DOMPET, KOPER,",30,25,20
952,47855,PERDAGANGAN ECERAN KAKI LIMA DAN LOS PASAR PERLENGKAPAN,30,25,20
953,47859,PERDAGANGAN ECERAN KAKI LIMA DAN LOS PASAR BARANG KEPERLUAN,30,25,20
954,47861,PERDAGANGAN ECERAN KAKI LIMA DAN LOS PASAR BARANG ELEKTRONIK,30,25,20
955,47862,PERDAGANGAN ECERAN KAKI LIMA DAN LOS PASAR ALAT DAN PERLENGKAPAN,30,25,20
956,47863,PERDAGANGAN ECERAN KAKI LIMA DAN LOS PASAR BARANG PECAH BELAH,30,25,20
957,47864,PERDAGANGAN ECERAN KAKI LIMA DAN LOS PASAR BARANG PECAH BELAH,30,25,20
958,47865,PERDAGANGAN ECERAN KAKI LIMA DAN LOS PASAR BARANG DAN,30,25,20
959,47866,PERDAGANGAN ECERAN KAKI LIMA DAN LOS PASAR BARANG PECAH BELAH,30,25,20
960,47867,PERDAGANGAN ECERAN KAKI LIMA DAN LOS PASAR ALAT KEBERSIHAN,30,25,20
961,47869,PERDAGANGAN ECERAN KAKI LIMA DAN LOS PASAR PERLENGKAPAN RUMAH,30,25,20
962,47871,"PERDAGANGAN ECERAN KAKI LIMA DAN LOS PASAR KERTAS, KARTON DAN",30,25,20
965,47874,PERDAGANGAN ECERAN KAKI LIMA DAN LOS PASAR ALAT OLAHRAGA DAN ALAT,30,25,20
966,47875,"PERDAGANGAN ECERAN KAKI LIMA DAN LOS PASAR ALAT FOTOGRAFI, ALAT",30,25,20
967,47876,PERDAGANGAN ECERAN KAKI LIMA DAN LOS PASAR MESIN KANTOR,30,25,20
968,47877,PERDAGANGAN ECERAN KAKI LIMA DAN LOS PASAR PERALATAN,30,25,20
969,47879,"PERDAGANGAN ECERAN KAKI LIMA DAN LOS PASAR CAMPURAN KERTAS,",30,25,20
970,47881,PERDAGANGAN ECERAN KAKI LIMA DAN LOS PASAR BARANG KERAJINAN,30,25,20
971,47882,PERDAGANGAN ECERAN KAKI LIMA DAN LOS PASAR MAINAN ANAK-ANAK,30,25,20
972,47883,PERDAGANGAN ECERAN KAKI LIMA DAN LOS PASAR LUKISAN,30,25,20
973,47891,PERDAGANGAN ECERAN KAKI LIMA DAN LOS PASAR HEWAN HIDUP,30,25,20
974,47892,"PERDAGANGAN ECERAN KAKI LIMA DAN LOS PASAR BAHAN BAKAR MINYAK,",30,25,20
975,47893,PERDAGANGAN ECERAN KAKI LIMA DAN LOS PASAR BARANG ANTIK,30,25,20
976,47894,PERDAGANGAN ECERAN KAKI LIMA DAN LOS PASAR BARANG BEKAS,30,25,20
977,47895,"PERDAGANGAN ECERAN KAKI LIMA DAN LOS PASAR PAKAIAN, ALAS KAKI,",30,25,20
978,47896,PERDAGANGAN ECERAN KAKI LIMA DAN LOS PASAR BARANG LISTRIK DAN,30,25,20
979,47897,PERDAGANGAN ECERAN KAKI LIMA DAN LOS PASAR BARANG BEKAS,30,25,20
980,47899,PERDAGANGAN ECERAN KAKI LIMA DAN LOS PASAR BARANG LAINNYA,30,25,20
981,47911,"PERDAGANGAN ECERAN MELALUI MEDIA UNTUK KOMODITI MAKANAN,",30,25,20
982,47912,"PERDAGANGAN ECERAN MELALUI MEDIA UNTUK KOMODITI TEKSTIL, PAKAIAN,",30,25,20
983,47913,PERDAGANGAN ECERAN MELALUI MEDIA UNTUK BARANG PERLENGKAPAN,30,25,20
984,47914,PERDAGANGAN ECERAN MELALUI MEDIA UNTUK BARANG CAMPURAN,30,25,20
985,47919,"PERDAGANGAN ECERAN MELALUI MEDIA UNTUK BERBAGAI MACAM BARANG LAINNYA",30,25,20
986,47920,PERDAGANGAN ECERAN ATAS DASAR BALAS JASA (FEE) ATAU KONTRAK,50,50,50
987,47991,PERDAGANGAN ECERAN KELILING KOMODITI MAKANAN DARI HASIL PERTANIAN,30,25,20
988,47992,"PERDAGANGAN ECERAN KELILING KOMODITI MAKANAN, MINUMAN ATAU TEMBAKAU HASIL INDUSTRI PENGOLAHAN",30,25,20
989,47993,"PERDAGANGAN ECERAN KELILING BAHAN KIMIA, FARMASI, KOSMETIK DAN",30,25,20
990,47994,"PERDAGANGAN ECERAN KELILING TEKSTIL, PAKAIAN, ALAS KAKI DAN BARANG",30,25,20
991,47995,PERDAGANGAN ECERAN KELILING PERLENGKAPAN RUMAH TANGGA DAN,30,25,20
992,47996,PERDAGANGAN ECERAN KELILING BAHAN BAKAR DAN MINYAK PELUMAS,30,25,20
993,47997,"PERDAGANGAN ECERAN KELILING KERTAS, BARANG DARI KERTAS, ALAT TULIS, BARANG CETAKAN, ALAT OLAHRAGA, ALAT MUSIK, ALAT FOTOGRAFI DAN KOMPUTER",30,25,20
994,47998,"PERDAGANGAN ECERAN KELILING BARANG KERAJINAN, MAINAN ANAK-ANAK DAN LUKISAN",30,25,20
995,47999,PERDAGANGAN ECERAN KELILING BARANG LAINNYA,30,25,20
996,49111,ANGKUTAN JALAN REL UNTUK PENUMPANG,-,-,-
997,49112,ANGKUTAN JALAN REL KHUSUS WISATA,-,-,-
998,49121,ANGKUTAN JALAN REL UNTUK BARANG,-,-,-
999,49129,ANGKUTAN JALAN REL KHUSUS LAINNYA,-,-,-
1001,49212,ANGKUTAN BUS PERBATASAN,20,15,15
1002,49213,ANGKUTAN BUS ANTARKOTA DALAM PROVINSI (AKDP),20,15,15
1003,49214,ANGKUTAN BUS KOTA,20,15,15
1004,49215,ANGKUTAN BUS LINTAS BATAS NEGARA,20,15,15
1005,49221,ANGKUTAN BUS KHUSUS,20,15,15
1006,49222,ANGKUTAN BUS PARIWISATA,20,15,15
1007,49300,ANGKUTAN MELALUI SALURAN PIPA,20,15,15
1008,49411,ANGKUTAN PERBATASAN BUKAN BUS,20,15,15
1009,49412,ANGKUTAN ANTARKOTA DALAM PROVINSI (AKDP) BUKAN BUS,20,15,15
1010,49413,ANGKUTAN PERKOTAAN,20,15,15
1011,49414,ANGKUTAN PERDESAAN,20,15,15
1012,49421,ANGKUTAN TAKSI,20,15,15
1013,49422,ANGKUTAN SEWA,20,15,15
1014,49423,ANGKUTAN TIDAK BERMOTOR UNTUK PENUMPANG,20,15,15
1015,49424,ANGKUTAN OJEK MOTOR,20,15,15
1016,49425,ANGKUTAN DARAT LAINNYA UNTUK WISATA,20,15,15
1017,49429,ANGKUTAN DARAT LAINNYA UNTUK PENUMPANG,20,15,15
1018,49431,ANGKUTAN BERMOTOR UNTUK BARANG UMUM,20,15,15
1019,49432,ANGKUTAN BERMOTOR UNTUK BARANG KHUSUS,20,15,15
1020,49433,ANGKUTAN TIDAK BERMOTOR UNTUK BARANG UMUM,20,15,15
1021,50111,ANGKUTAN LAUT DOMESTIK UMUM LINER UNTUK PENUMPANG,"13,5",13,"12,5"
1022,50112,ANGKUTAN LAUT DOMESTIK UMUM TRAMPER UNTUK PENUMPANG,"13,5",13,"12,5"
1023,50113,ANGKUTAN LAUT DOMESTIK KHUSUS UNTUK WISATA,"13,5",13,"12,5"
1024,50114,ANGKUTAN LAUT DOMESTIK PERINTIS UNTUK PENUMPANG,"13,5",13,"12,5"
1025,50121,ANGKUTAN LAUT INTERNASIONAL UMUM LINER UNTUK PENUMPANG,"13,5",13,"12,5"
1026,50122,ANGKUTAN LAUT INTERNASIONAL UMUM TRAMPER UNTUK PENUMPANG,"13,5",13,"12,5"
1027,50123,ANGKUTAN LAUT INTERNASIONAL KHUSUS UNTUK WISATA,"13,5",13,"12,5"
1028,50131,ANGKUTAN LAUT DOMESTIK UMUM LINER UNTUK BARANG,"13,5",13,"12,5"
1029,50132,ANGKUTAN LAUT DOMESTIK UMUM TRAMPER UNTUK BARANG,"13,5",13,"12,5"
1030,50133,ANGKUTAN LAUT DOMESTIK KHUSUS UNTUK BARANG,"13,5",13,"12,5"
1031,50134,ANGKUTAN LAUT DOMESTIK PERINTIS UNTUK BARANG,"13,5",13,"12,5"
1032,50135,ANGKUTAN LAUT DOMESTIK PELAYARAN RAKYAT,"13,5",13,"12,5"
1033,50141,ANGKUTAN LAUT INTERNASIONAL UMUM LINER UNTUK BARANG,"13,5",13,"12,5"
1034,50142,ANGKUTAN LAUT INTERNASIONAL UMUM TRAMPER UNTUK BARANG,"13,5",13,"12,5"
1035,50143,ANGKUTAN LAUT INTERNASIONAL KHUSUS UNTUK BARANG,"13,5",13,"12,5"
1036,50144,ANGKUTAN LAUT INTERNASIONAL PELAYARAN RAKYAT,"13,5",13,"12,5"
1037,50211,ANGKUTAN SUNGAI DAN DANAU UNTUK PENUMPANG DENGAN TRAYEK TETAP,"13,5",13,"12,5"
1038,50212,"ANGKUTAN SUNGAI DAN DANAU UNTUK PENUMPANG DENGAN TRAYEK TIDAK TETAP DAN TIDAK","13,5",13,"12,5"
1039,50213,"ANGKUTAN SUNGAI DAN DANAU DENGAN TRAYEK TIDAK TETAP DAN TIDAK TERATUR UNTUK","13,5",13,"12,5"
1040,50214,ANGKUTAN PENYEBERANGAN UMUM ANTARPROVINSI UNTUK PENUMPANG,"13,5",13,"12,5"
1041,50215,ANGKUTAN PENYEBERANGAN PERINTIS ANTARPROVINSI UNTUK PENUMPANG,"13,5",13,"12,5"
1042,50216,"ANGKUTAN PENYEBERANGAN UMUM ANTARKABUPATEN/KOTA UNTUK PENUMPANG","13,5",13,"12,5"
1043,50217,ANGKUTAN PENYEBERANGAN PERINTIS ANTARKABUPATEN/KOTA UNTUK,"13,5",13,"12,5"
1044,50218,ANGKUTAN PENYEBERANGAN UMUM DALAM KABUPATEN/KOTA UNTUK,"13,5",13,"12,5"
1045,50219,ANGKUTAN PENYEBERANGAN LAINNYA UNTUK PENUMPANG TERMASUK,"13,5",13,"12,5"
1046,50221,ANGKUTAN SUNGAI DAN DANAU UNTUK BARANG UMUM DAN ATAU HEWAN,"13,5",13,"12,5"
1047,50222,ANGKUTAN SUNGAI DAN DANAU UNTUK BARANG KHUSUS,"13,5",13,"12,5"
1048,50223,ANGKUTAN SUNGAI DAN DANAU UNTUK BARANG BERBAHAYA,"13,5",13,"12,5"
1049,50224,ANGKUTAN PENYEBERANGAN UMUM ANTARPROVINSI UNTUK BARANG,"13,5",13,"12,5"
1050,50225,ANGKUTAN PENYEBERANGAN PERINTIS ANTARPROVINSI UNTUK BARANG,"13,5",13,"12,5"
1051,50226,ANGKUTAN PENYEBERANGAN UMUM ANTARKABUPATEN/KOTA UNTUK BARANG,"13,5",13,"12,5"
1052,50227,ANGKUTAN PENYEBERANGAN PERINTIS ANTARKABUPATEN/KOTA UNTUK,"13,5",13,"12,5"
1053,50228,ANGKUTAN PENYEBERANGAN UMUM DALAM KABUPATEN/KOTA UNTUK,"13,5",13,"12,5"
1054,50229,ANGKUTAN PENYEBERANGAN LAINNYA UNTUK BARANG TERMASUK,"13,5",13,"12,5"
1055,51101,ANGKUTAN UDARA BERJADWAL DOMESTIK UMUM UNTUK PENUMPANG,15,"12,5",12
1056,51102,ANGKUTAN UDARA BERJADWAL DOMESTIK PERINTIS UNTUK PENUMPANG,15,"12,5",12
1057,51103,ANGKUTAN UDARA BERJADWAL INTERNASIONAL UNTUK PENUMPANG,15,"12,5",12
1058,51104,ANGKUTAN UDARA TIDAK BERJADWAL DOMESTIK UMUM UNTUK PENUMPANG,15,"12,5",12
1059,51105,"ANGKUTAN UDARA TIDAK BERJADWAL DOMESTIK PERINTIS UNTUK PENUMPANG",15,"12,5",12
1060,51106,ANGKUTAN UDARA KHUSUS OLAHRAGA,15,"12,5",12
1061,51107,ANGKUTAN UDARA KHUSUS UNTUK WISATA,15,"12,5",12
1062,51109,ANGKUTAN UDARA KHUSUS LAINNYA,15,"12,5",12
1063,51201,ANGKUTAN UDARA BERJADWAL DOMESTIK UMUM UNTUK BARANG,15,"12,5",12
1064,51202,ANGKUTAN UDARA BERJADWAL DOMESTIK PERINTIS UNTUK BARANG,15,"12,5",12
1065,51203,ANGKUTAN UDARA BERJADWAL INTERNASIONAL UNTUK BARANG,15,"12,5",12
1066,51204,ANGKUTAN UDARA TIDAK BERJADWAL DOMESTIK UMUM UNTUK BARANG,15,"12,5",12
1067,51205,ANGKUTAN UDARA TIDAK BERJADWAL DOMESTIK PERINTIS UNTUK BARANG,15,"12,5",12
1068,52101,PERGUDANGAN,30,30,25
1069,52102,JASA COLD STORAGE,30,30,25
1070,52103,JASA BOUNDED WAREHOUSING ATAU WILAYAH KAWASAN BERIKAT,30,30,25
1071,52109,JASA PERGUDANGAN LAINNYA,30,30,25
1072,52211,JASA TERMINAL DARAT,25,20,20
1073,52212,JASA STASIUN KERETA API,25,20,20
1074,52213,JASA JALAN TOL,25,20,20
1076,52215,JASA PERPARKIRAN DI LUAR BADAN JALAN (OFF SREET PARKING),25,20,20
1077,52219,JASA PENUNJANG ANGKUTAN DARAT LAINNYA,25,20,20
1078,52221,JASA PELAYANAN KEPELABUHANAN LAUT,25,20,20
1079,52222,JASA PELAYANAN KEPELABUHANAN SUNGAI DAN DANAU,25,20,20
1080,52223,JASA PELAYANAN KEPELABUHANAN PENYEBERANGAN,25,20,20
1081,52229,JASA PENUNJANG ANGKUTAN AIR LAINNYA,25,20,20
1082,52230,JASA KEBANDARUDARAAN,25,20,20
1083,52240,PENANGANAN KARGO (BONGKAR MUAT BARANG),30,30,25
1084,52291,JASA PENGURUSAN TRANSPORTASI (JPT),30,30,25
1085,52292,"JASA EKSPEDISI MUATAN KERETA API DAN EKSPEDISI ANGKUTAN DARAT (EMKA & EAD)",25,20,20
1086,52293,JASA EKSPEDISI MUATAN KAPAL (EMKL),25,20,20
1087,52294,JASA EKSPEDISI MUATAN PESAWAT UDARA (EMPU),25,20,20
1088,52299,"JASA PENUNJANG ANGKUTAN LAINNYA YANG TIDAK DAPAT DIKLASIFIKASIKAN DI TEMPAT LAIN",30,30,25
1089,53101,POS NASIONAL,15,13,12
1090,53102,UNIT PELAYANAN POS,15,13,12
1091,53200,KURIR,50,50,50
1092,55111,HOTEL BINTANG LIMA,25,20,20
1093,55112,HOTEL BINTANG EMPAT,25,20,20
1094,55113,HOTEL BINTANG TIGA,25,20,20
1095,55114,HOTEL BINTANG DUA,25,20,20
1096,55115,HOTEL BINTANG SATU,25,20,20
1097,55120,HOTEL MELATI,25,20,20
1098,55130,PONDOK WISATA (HOME STAY),25,20,20
1099,55191,PENGINAPAN REMAJA (YOUTH HOSTEL),25,20,20
1100,55192,BUMI PERKEMAHAN,25,20,20
1101,55193,PERSINGGAHAN KARAVAN,25,20,20
1102,55194,VILA,25,20,20
1103,55195 APARTEMEN HOTEL,,25,20,20
1104,55199 PENYEDIAAN AKOMODASI JANGKA PENDEK LAINNYA,,25,20,20
1105,55900 PENYEDIAAN AKOMODASI LAINNYA,,25,20,20
1106,56101 RESTORAN,,25,20,20
1107,56102 WARUNG MAKAN,,25,20,20
1108,56103 KEDAI MAKANAN,,25,20,20
1112,56301,BAR,25,20,20
1113,56302,KELAB MALAM ATAU DISKOTIK YANG UTAMANYA MENYEDIAKAN MINUMAN,25,20,20
1114,56303,RUMAH MINUM/KAFE,25,20,20
1115,56304,KEDAI MINUMAN,25,20,20
1116,56305,RUMAH/KEDAI OBAT TRADISIONAL,30,25,20
1117,56306,PENYEDIAAN MINUMAN KELILING/TEMPAT TIDAK TETAP,30,25,20
1118,58110,PENERBITAN BUKU,"14,5",13,12
1119,58120,PENERBITAN BUKU DIREKTORI DAN MAILING LIST,"14,5",13,12
1120,58130,"PENERBITAN SURAT KABAR, JURNAL, BULETIN DAN MAJALAH",21,21,21
1121,58190,PENERBITAN LAINNYA,"14,5",13,12
1122,58200,PENERBITAN PIRANTI LUNAK (SOFTWARE),-,-,-
1123,59111,"PRODUKSI FILM, VIDEO DAN PROGRAM TELEVISI OLEH PEMERINTAH",-,-,-
1124,59112,"PRODUKSI FILM, VIDEO DAN PROGRAM TELEVISI OLEH SWASTA",15,13,12
1125,59121,"PASCA PRODUKSI FILM, VIDEO DAN PROGRAM TELEVISI OLEH PEMERINTAH",-,-,-
1126,59122,"PASCA PRODUKSI FILM, VIDEO DAN PROGRAM TELEVISI OLEH SWASTA",15,13,12
1127,59131,"DISTRIBUSI FILM, VIDEO DAN PROGRAM TELEVISI OLEH PEMERINTAH",-,-,-
1128,59132,"DISTRIBUSI FILM, VIDEO DAN PROGRAM TELEVISI OLEH SWASTA",15,13,12
1129,59140,KEGIATAN PEMUTARAN FILM,15,13,12
1130,59201,PEREKAMAN SUARA,15,13,12
1131,59202,PENERBITAN MUSIK DAN BUKU MUSIK,15,13,12
1132,60101,PENYIARAN RADIO OLEH PEMERINTAH,-,-,-
1133,60102,PENYIARAN RADIO OLEH SWASTA,22,22,22
1134,60201,PENYIARAN DAN PEMROGRAMAN TELEVISI OLEH PEMERINTAH,-,-,-
1135,60202,PENYIARAN DAN PEMROGRAMAN TELEVISI OLEH SWASTA,17,17,17
1136,61100,TELEKOMUNIKASI DENGAN KABEL,15,13,12
1137,61200,"TmEeLlaEluKiO jMarUinNgIaKnA lSaIi nT,A sNePpAer KtiA PBuEbLlic Switched Telephone Network (PSTN). termasuk",15,13,12
1138,61300 TELEKOMUNIKASI SATELIT,,15,13,12
1139,61911 JASA PANGGILAN PREMIUM (PREMIUM CALL),,15,13,12
1140,61912 JASA RADIO PANGGIL UNTUK UMUM (RPUU),,15,13,12
1141,61913 JASA RADIO TRUNKING,,15,13,12
1142,61914 WARUNG TELEKOMUNIKASI (WARTEL),,15,13,12
1143,61919 JASA NILAI TAMBAH TELEPONI LAINNYA,,15,13,12
1144,61921 INTERNET SERVICE PROVIDER,,15,13,12
1145,61922 JASA SISTEM KOMUNIKASI,,15,13,12
1146,61923 JASA VOICE OVER INTERNET PROTOCOL (VOIP),,15,13,12
1147,61924 WARUNG INTERNET (WARNET),,15,13,12
1148,61929 JASA MULTIMEDIA LAINNYA,,50,50,50
1149,61991,TELEKOMUNIKASI KHUSUS UNTUK PENYIARAN,15,13,12
1150,61999,TELEKOMUNIKASI LAINNYA YANG TIDAK DAPAT DIKLASIFIKASIKAN DI TEMPAT,15,13,12
1151,62010,KEGIATAN PEMROGRAMAN KOMPUTER,50,50,50
1152,62020,KEGIATAN KONSULTASI KOMPUTER DAN MANAJEMEN FASILITAS KOMPUTER,50,50,50
1153,62090,KEGIATAN TEKNOLOGI INFORMASI DAN JASA KOMPUTER LAINNYA,50,50,50
1154,63111,KEGIATAN PENGOLAHAN DATA,55,53,51
1155,63112,"KEGIATAN PENYIMPANAN DATA DI SERVER (HOSTING) DAN KEGIATAN YANG BERHUBUNGAN DENGAN ITU",55,53,51
1156,63120,PORTAL WEB,55,53,51
1157,63911,KEGIATAN KANTOR BERITA OLEH PEMERINTAH,-,-,-
1158,63912,KEGIATAN KANTOR BERITA OLEH SWASTA,"27,5",25,20
1159,63990,"KEGIATAN JASA INFORMASI LAINNYA YANG TIDAK DAPAT DIKLASIFIKASIKAN DI TEMPAT LAIN","27,5",25,20
1160,64110,BANK SENTRAL,-,-,-
1161,64121,BANK PEMERINTAH/BUMN/PERSERO,-,-,-
1162,64122,BANK PEMERINTAH DAERAH (BPD) DEVISA,-,-,-
1163,64123,BANK PEMERINTAH DAERAH (BPD) NON DEVISA,-,-,-
1164,64124,BANK CAMPURAN DAN ASING,-,-,-
1165,64125,BANK UMUM SWASTA NASIONAL DEVISA,-,-,-
1166,64126,BANK UMUM SWASTA NASIONAL NON DEVISA,-,-,-
1167,64127,BANK PERKREDITAN RAKYAT (BPR),-,-,-
1168,6413 1,BANK UMUM SYARIAH,-,-,-
1169,64132,BANK PEMBIAYAAN RAKYAT (BPR) SYARIAH,-,-,-
1170,64133,UNIT USAHA SYARIAH,-,-,-
1171,64140,KOPERASI SIMPAN PINJAM/UNIT SIMPAN PINJAM,-,-,-
1172,64150,BAITUL MAAL WANTANWIL (BMT),-,-,-
1173,64190,JASA PERANTARA MONETER LAINNYA,50,50,50
1174,64200,KEGIATAN PERUSAHAAN HOLDING,-,-,-
1175,64300,"TRUST, PEMBIAYAAN DAN ENTITAS KEUANGAN SEJENIS",-,-,-
1176,64910,SEWA GUNA USAHA DENGAN HAK OPSI,-,-,-
1177,64921,PEGADAIAN,-,-,-
1178,64922,PEMBIAYAAN KONSUMEN (CONSUMERS CREDIT),17,17,17
1179,64923,PEMBIAYAAN KARTU KREDIT (CREDIT CARD),-,-,-
1180,64929,PEMBIAYAAN NON LEASING LAINNYA,-,-,-
1181,64991 MODAL VENTURA (VENTURA CAPITAL),-,-,-
1182,64992 PEMBIAYAAN ANJAK PIUTANG (FACTORING),-,-,-
1183,64993 LEMBAGA PENJAMINAN,-,-,-
1184,64999 JASA KEUANGAN LAINNYA YANG TIDAK DAPAT DIKLASIFIKASIKAN DI TEMPAT,-,-,-
1185,65111,ASURANSI JIWA KONVENSIONAL,-,-,-
1186,65112,ASURANSI JIWA SYARIAH,-,-,-
1187,65121,ASURANSI NON JIWA KONVENSIONAL,-,-,-
1198,66193 BIRO ADMINISTRASI EFEK,,-,-,-
1199,66194 KUSTODIAN (CUSTODIAN),,-,-,-
1200,66195 WALI AMANAT (TRUSTEE),,-,-,-
1201,66196 LEMBAGA PEMERINGKAT EFEK,,-,-,-
1202,66197 JASA PENUKARAN MATA UANG (MONEY CHANGER),,-,-,-
1203,66199 JASA PENUNJANG JASA KEUANGAN LAINNYA YANG TIDAK DAPAT,,50,50,50
1204,66210,JASA PENILAI RISIKO DAN KERUSAKAN,50,50,50
1205,66221,JASA AGEN ASURANSI,50,50,50
1206,66222,JASA BROKER ASURANSI,50,50,50
1210,66300,JASA MANAJEMEN DANA,-,-,-
1211,68110,REAL ESTAT YANG DIMILIKI SENDIRI ATAU DISEWA,20,"17,5",17
1212,68120,KAWASAN PARIWISATA,20,"17,5",17
1213,68200,REAL ESTAT ATAS DASAR BALAS JASA (FEE) ATAU KONTRAK,20,"17,5",17
1214,69100,JASA HUKUM,51,50,50
1215,69200,"JASA AKUNTANSI, PEMBUKUAN DAN PEMERIKSA; KONSULTASI PAJAK",50,50,50
1216,70100,KEGIATAN KANTOR PUSAT,50,50,50
1217,70201,JASA KONSULTAN PARIWISATA,50,50,50
1218,70202,JASA KONSULTAN TRANSPORTASI,50,50,50
1219,70209,KEGIATAN KONSULTASI MANAJEMEN LAINNYA,50,50,50
1220,71100,JASA ARSITEKUR DAN TEKNIK SIPIL SERTA KONSULTASI TEKNIS YANG,50,50,50
1221,71201,JASA SERTIFIKASI,50,50,50
1222,71202,JASA PENGUJIAN LABORATORIUM,32,31,29
1223,71203,JASA INSPEKSI,50,50,50
1224,71204,JASA INSPEKSI TEKNIK INSTALASI,50,50,50
1225,71205,JASA KALIBRASI/METROLOGI,50,50,50
1226,71209,JASA ANALISIS DAN UJI TEKNIS LAINNYA,50,50,50
1227,72101,PENELITIAN DAN PENGEMBANGAN ILMU PENGETAHUAN ALAM,50,50,50
1228,72102,PENELITIAN DAN PENGEMBANGAN ILMU TEKNOLOGI DAN REKAYASA,50,50,50
1229,72201,PENELITIAN DAN PENGEMBANGAN ILMU PENGETAHUAN SOSIAL,50,50,50
1230,72202,PENELITIAN DAN PENGEMBANGAN HUMANIORA,50,50,50
1231,73100,PERIKLANAN,50,50,50
1232,73200,PENELITIAN PASAR DAN JAJAK PENDAPAT MASYARAKAT,50,50,50
1233,74100,JASA PERANCANGAN KHUSUS,32,31,29
1234,74201,JASA FOTOGRAFI,50,50,50
1235,74202,"JASA ANGKUTAN UDARA KHUSUS PEMOTRETAN, SURVEI DAN PEMETAAN",32,31,29
1236,74901,JASA PENYELIDIKAN DAN KEAMANAN,32,31,29
1237,74902,JASA KONSULTASI BISNIS DAN BROKER BISNIS,50,50,50
1238,74909,"JASA PROFESIONAL, ILMIAH DAN TEKNIS LAINNYA YANG TIDAK DAPAT",32,31,29
1239,75000,JASA KESEHATAN HEWAN,30,"27,5",25
1240,77100,"JASA PERSEWAAN DAN SEWA GUNA USAHA TANPA HAK OPSI MOBIL, BUS, TRUK",32,31,29
1241,77210,JASA PERSEWAAN DAN SEWA GUNA USAHA TANPA HAK OPSI ALAT REKREASI,32,31,29
1242,77220,"JASA PERSEWAAN KASET VIDEO, CD, VCD/DVD DAN SEJENISNYA",32,31,29
1243,77291,JASA PERSEWAAN DAN SEWA GUNA USAHA TANPA HAK OPSI ALAT PESTA,32,31,29
1244,77292,JASA PERSEWAAN DAN SEWA GUNA USAHA TANPA HAK OPSI BARANG,32,31,29
1245,77293,JASA PERSEWAAN DAN SEWA GUNA USAHA TANPA HAK OPSI BARANG HASIL,32,31,29
1246,77294,JASA PERSEWAAN DAN SEWA GUNA USAHA TANPA HAK OPSI BUNGA DAN,32,31,29
1247,77295,JASA PERSEWAAN DAN SEWA GUNA USAHA TANPA HAK OPSI ALAT MUSIK,32,31,29
1248,77299,JASA PERSEWAAN DAN SEWA GUNA USAHA TANPA HAK OPSI BARANG,32,31,29
1251,77303,JASA PERSEWAAN DAN SEWA GUNA USAHA TANPA HAK OPSI ALAT,49,49,48
1252,77304,JASA PERSEWAAN DAN SEWA GUNA USAHA TANPA HAK OPSI ALAT,49,49,48
1253,77305,JASA PERSEWAAN DAN SEWA GUNA USAHA TANPA HAK OPSI MESIN PERTANIAN,49,49,48
1254,77306,JASA PERSEWAAN DAN SEWA GUNA USAHA TANPA HAK OPSI MESIN DAN,49,49,48
1255,77307,JASA PERSEWAAN DAN SEWA GUNA USAHA TANPA HAK OPSI MESIN KANTOR,49,49,48
1256,77309,"JASA PERSEWAAN DAN SEWA GUNA USAHA TANPA HAK OPSI MESIN,",49,49,48
1257,77400,"SEWA GUNA USAHA TANPA HAK OPSI ASET NON FINANSIAL, BUKAN KARYA HAK",32,31,29
1258,78101,JASA PENYELEKSIAN DAN PENEMPATAN TENAGA KERJA DALAM NEGERI,32,31,29
1259,78102,JASA PENYELEKSIAN DAN PENEMPATAN TENAGA KERJA LUAR NEGERI,32,31,29
1260,78103,JASA PENYALURAN TENAGA KERJA,32,31,29
1261,78200,JASA PENYEDIAAN TENAGA KERJA WAKTU TERTENTU,32,31,29
1262,78300,JASA PENYEDIAAN SUMBER DAYA MANUSIA DAN MANAJEMEN FUNGSI SUMBER,32,31,29
1263,79111,JASA AGEN PERJALANAN WISATA,50,50,50
1264,79112,JASA AGEN PERJALANAN BUKAN WISATA,30,30,25
1265,79120,JASA BIRO PERJALANAN WISATA,30,30,25
1266,79910,JASA INFORMASI PARIWISATA,32,31,29
1267,79920,JASA PRAMUWISATA,32,31,29
1268,79990,JASA RESERVASI LAINNYA YANG BERHUBUNGAN DENGAN ITU YANG TIDAK,32,31,29
1269,80100,JASA KEAMANAN SWASTA,32,31,29
1270,80200,JASA SISTEM KEAMANAN,32,31,29
1271,80300,JASA PENYELIDIKAN,32,31,29
1272,81100,PENYEDIA GABUNGAN JASA PENUNJANG FASILITAS,32,31,29
1275,81300,JASA PERAWATAN DAN PEMELIHARAAN TAMAN,32,31,29
1276,82110,PENYEDIA GABUNGAN JASA ADMINISTRASI KANTOR,32,31,29
1277,82190,"JASA FOTO KOPI, PENYIAPAN DOKUMEN DAN JASA KHUSUS PENUNJANG",32,31,29
1278,82200,JASA CALL CENTRE,32,31,29
1279,82301,"JASA PENYELENGGARA PERTEMUAN, PERJALANAN INSENTIF, KONFERENSI DAN",50,50,50
1280,82302,JASA EVENT ORGANIZER,50,50,50
1281,82910,JASA DEBT COLLECTION DAN BIRO KREDIT,32,31,29
1282,82920,JASA PENGEPAKAN,30,30,25
1283,82990,"JASA PENUNJANG USAHA LAINNYA YANG TIDAK DAPAT DIKLASIFIKASIKAN DI TEMPAT LAIN",32,31,29
1284,84111,BENDAHARA PEMERINTAH PUSAT,-,-,-
1285,84112,BENDAHARA PEMERINTAH DAERAH,-,-,-
1286,84113,BENDAHARA LAINNYA YANG TIDAK DAPAT DIKLASIFIKASIKAN DI TEMPAT LAIN,-,-,-
1287,84200,JAMINAN SOSIAL WAJIB,-,-,-
1288,85111,JASA PENDIDIKAN SEKOLAH DASAR/MADRASAH IBTIDAIYAH PEMERINTAH,-,-,-
1289,85112,JASA PENDIDIKAN SEKOLAH MENENGAH PERTAMA/MADRASAH TSANAWIYAH,-,-,-
1290,85121,JASA PENDIDIKAN SEKOLAH DASAR/MADRASAH IBTIDAIYAH SWASTA,30,"27,5",25
1291,85122,JASA PENDIDIKAN SEKOLAH MENENGAH PERTAMA/MADRASAH TSANAWIYAH,30,"27,5",25
1292,85210,JASA PENDIDIKAN MENENGAH UMUM/MADRASAH ALIYAH PEMERINTAH,-,-,-
1293,85220,JASA PENDIDIKAN MENENGAH UMUM/MADRASAH ALIYAH SWASTA,30,"27,5",25
1294,85230,JASA PENDIDIKAN MENENGAH KEJURUAN DAN TEKNIK/MADRASAH ALIYAH,-,-,-
1295,85240,JASA PENDIDIKAN MENENGAH KEJURUAN DAN TEKNIK/MADRASAH ALIYAH,30,"27,5",25
1296,85311,JASA PENDIDIKAN TINGGI PROGRAM GELAR PEMERINTAH,-,-,-
1297,85312,JASA PENDIDIKAN TINGGI PROGRAM NON GELAR PEMERINTAH,-,-,-
1298,85321,JASA PENDIDIKAN TINGGI PROGRAM GELAR SWASTA,30,"27,5",25
1302,85430,JASA PENDIDIKAN LAINNYA PEMERINTAH,-,-,-
1303,85491,JASA PENDIDIKAN MANAJEMEN DAN PERBANKAN,30,"27,5",25
1304,85492,JASA PENDIDIKAN KOMPUTER (TEKNOLOGI INFORMASI DAN KOMUNIKASI),30,"27,5",25
1305,85493,JASA PENDIDIKAN BAHASA SWASTA,30,"27,5",25
1306,85494,JASA PENDIDIKAN KESEHATAN SWASTA,30,"27,5",25
1307,85495,JASA PENDIDIKAN BIMBINGAN BELAJAR DAN KONSELING SWASTA,30,"27,5",25
1308,85496,JASA PENDIDIKAN AWAK PESAWAT DAN JASA ANGKUTAN UDARA KHUSUS,30,"27,5",25
1309,85497,JASA PENDIDIKAN TEKNIK SWASTA,30,"27,5",25
1310,85498,JASA PENDIDIKAN KERAJINAN DAN INDUSTRI,30,"27,5",25
1311,85499,JASA PENDIDIKAN LAINNYA SWASTA,30,"27,5",25
1312,85500,JASA PENUNJANG PENDIDIKAN,50,50,50
1313,85601,JASA PENDIDIKAN TAMAN KANAK-KANAK PEMERINTAH,-,-,-
1314,85602,JASA PENDIDIKAN TAMAN KANAK-KANAK SWASTA/RAUDATUL ATHFAL/,30,"27,5",25
1315,85603,JASA PENDIDIKAN KELOMPOK BERMAIN SWASTA,30,"27,5",25
1316,85604,JASA PENDIDIKAN TAMAN PENITIPAN ANAK,30,"27,5",25
1317,86101,JASA RUMAH SAKIT PEMERINTAH,-,-,-
1318,86102,JASA PUSKESMAS,-,-,-
1319,86103,JASA RUMAH SAKIT SWASTA,30,"27,5",25
1320,86104,JASA POLIKLINIK SWASTA,30,"27,5",25
1321,86109,JASA RUMAH SAKIT LAINNYA,30,"27,5",25
1322,86201,PRAKTIK DOKTER UMUM,50,50,50
1323,86202,PRAKTIK DOKTER SPESIALIS,50,50,50
1324,86203,PRAKTIK DOKTER GIGI,50,50,50
1325,86901,JASA PELAYANAN KESEHATAN YANG DILAKUKAN OLEH PARAMEDIS,29,28,27
1326,86902,JASA PELAYANAN KESEHATAN TRADISIONAL,29,28,27
1327,86903,JASA PELAYANAN PENUNJANG KESEHATAN,30,"27,5",25
1328,86904,JASA ANGKUTAN KHUSUS PENGANGKUTAN ORANG SAKIT (MEDICAL,30,"27,5",25
1329,87100,JASA KEGIATAN SOSIAL DI DALAM PANTI UNTUK PERAWATAN DAN PEMULIHAN,30,30,29
1330,87200,"JASA KEGIATAN SOSIAL DI DALAM PANTI UNTUK KETERBELAKANGAN MENTAL,",30,30,29
1331,87301,PANTI WREDA PEMERINTAH,-,-,-
1332,87302,PANTI WREDA SWASTA,30,30,29
1333,87309,JASA KEGIATAN SOSIAL DI DALAM PANTI UNTUK JOMPO DAN CACAT LAINNYA,30,30,29
1334,87901,PANTI ASUHAN PEMERINTAH,-,-,-
1335,87902,PANTI ASUHAN SWASTA,30,30,29
1336,87909,JASA KEGIATAN SOSIAL DI DALAM PANTI LAINNYA YANG TIDAK DAPAT,30,30,29
1337,88101,JASA KEGIATAN SOSIAL PEMERINTAH DI LUAR PANTI UNTUK JOMPO DAN,-,-,-
1338,88102,JASA KEGIATAN SOSIAL SWASTA DI LUAR PANTI UNTUK JOMPO DAN CACAT,30,30,29
1339,88901,JASA KEGIATAN SOSIAL PEMERINTAH DI LUAR PANTI LAINNYA,-,-,-
1340,88902,JASA KEGIATAN SOSIAL SWASTA DI LUAR PANTI LAINNYA,30,30,29
1341,90001,KEGIATAN SENI PERTUNJUKAN,35,"32,5","31,5"
1342,90002,KEGIATAN PEKERJA SENI,50,50,50
1343,90003,JASA PENUNJANG HIBURAN,35,"32,5","31,5"
1344,90004,JASA IMPRESARIAT BIDANG SENI,35,"32,5","31,5"
1345,90005,JURNALIS BERITA INDEPENDEN,35,"32,5","31,5"
1346,90009,"KEGIATAN HIBURAN, SENI DAN KREATIVITAS LAINNYA",35,"32,5","31,5"
1347,91011,PERPUSTAKAAN DAN ARSIP PEMERINTAH,-,-,-
1349,91021,MUSEUM YANG DIKELOLA PEMERINTAH,-,-,-
1350,91022,MUSEUM YANG DIKELOLA SWASTA,35,"32,5","31,5"
1351,91023,PENINGGALAN SEJARAH YANG DIKELOLA PEMERINTAH,-,-,-
1352,91024,PENINGGALAN SEJARAH YANG DIKELOLA SWASTA,35,"32,5","31,5"
1353,91025,TAMAN BUDAYA,35,"32,5","31,5"
1354,91029,WISATA BUDAYA LAINNYA,35,"32,5","31,5"
1355,91031,KEGIATAN TAMAN KONSERVASI ALAM,35,"32,5","31,5"
1356,91032,TAMAN NASIONAL (TN),35,"32,5","31,5"
1360,91036,TAMAN LAUT,35,"32,5","31,5"
1361,91037,TAMAN BURU DAN KEBUN BURU,35,"32,5","31,5"
1362,91039,KEGIATAN TAMAN KONSERVASI ALAM LAINNYA,35,"32,5","31,5"
1363,92000,KEGIATAN PERJUDIAN DAN PERTARUHAN,35,"32,5","31,5"
1364,93111,FASILITAS BILLIARD,35,"32,5","31,5"
1365,93112,LAPANGAN GOLF,35,"32,5","31,5"
1366,93113,GELANGGANG BOWLING,35,"32,5","31,5"
1367,93114,GELANGGANG RENANG,35,"32,5","31,5"
1368,93115,LAPANGAN SEPAK BOLA,35,"32,5","31,5"
1369,93116,LAPANGAN TENIS LAPANGAN,35,"32,5","31,5"
1370,93117,KEGIATAN PUSAT KEBUGARAN/FITNESS CENTER,35,"32,5","31,5"
1371,93118,SPORT CENTRE,35,"32,5","31,5"
1372,93119,KEGIATAN FASILITAS OLAHRAGA LAINNYA,35,"32,5","31,5"
1373,93121,KELAB SEPAK BOLA,35,"32,5","31,5"
1374,93122,KELAB GOLF,35,"32,5","31,5"
1375,93123,KELAB RENANG,35,"32,5","31,5"
1376,93124,KELAB TENIS LAPANGAN,35,"32,5","31,5"
1377,93125,KELAB TINJU,35,"32,5","31,5"
1378,93126,KELAB BELA DIRI,35,"32,5","31,5"
1379,93127,KELAB KEBUGARAN/FITNESS DAN BINARAGA,35,"32,5","31,5"
1380,93128,KELAB BOWLING,35,"32,5","31,5"
1381,93129,KELAB OLAHRAGA LAINNYA,35,"32,5","31,5"
1382,93191,PROMOTOR KEGIATAN OLAHRAGA,35,"32,5","31,5"
1383,93192,"OLAHRAGAWAN, JURI DAN WASIT PROFESIONAL",35,"32,5","31,5"
1384,93193,KEGIATAN PERBURUAN,35,"32,5","31,5"
1385,93194,BADAN REGULASI DAN LIGA OLAHRAGA,35,"32,5","31,5"
1386,93199,KEGIATAN LAINNYA YANG BERKAITAN DENGAN OLAHRAGA,35,"32,5","31,5"
1387,93210,KEGIATAN TAMAN BERTEMA ATAU TAMAN HIBURAN,35,"32,5","31,5"
1388,93221,PEMANDIAN ALAM,35,"32,5","31,5"
1389,93222,WISATA GUA,35,"32,5","31,5"
1390,93223,WISATA PETUALANGAN ALAM,35,"32,5","31,5"
1391,93229,DAYA TARIK WISATA ALAM LAINNYA,35,"32,5","31,5"
1392,93231,WISATA AGRO,35,"32,5","31,5"
1393,93232,TAMAN REKREASI/TAMAN WISATA,35,"32,5","31,5"
1394,93233,KOLAM PEMANCINGAN,35,"32,5","31,5"
1395,93239,DAYA TARIK WISATA BUATAN/BINAAN MANUSIA LAINNYA,35,"32,5","31,5"
1396,93241,ARUNG JERAM,35,"32,5","31,5"
1397,93242,WISATA SELAM,35,"32,5","31,5"
1398,93243,DERMAGA MARINA,35,"32,5","31,5"
1399,93249,WISATA TIRTA LAINNYA,35,"32,5","31,5"
1400,93291,KELAB MALAM DAN ATAU DISKOTIK,25,20,20
1401,93292,KARAOKE,35,"32,5","31,5"
1406,94122,KEGIATAN ORGANISASI ILMU PENGETAHUAN ALAM DAN TEKNOLOGI,-,-,-
1407,94200,KEGIATAN ORGANISASI BURUH,-,-,-
1408,94910,KEGIATAN ORGANISASI KEAGAMAAN,-,-,-
1409,94920,KEGIATAN ORGANISASI POLITIK,-,-,-
1410,94990,KEGIATAN ORGANISASI KEANGGOTAAN LAINNYA YANG TIDAK DAPAT,-,-,-
1411,95110,JASA REPARASI KOMPUTER DAN PERALATAN SEJENISNYA,20,"18,5","17,5"
1412,95120,JASA REPARASI PERALATAN KOMUNIKASI,20,"18,5","17,5"
1413,95210,JASA REPARASI ALAT-ALAT ELEKTRONIK KONSUMEN,50,50,50
1414,95220,JASA REPARASI PERALATAN RUMAH TANGGA DAN PERALATAN RUMAH DAN,50,50,50
1415,95230,JASA REPARASI ALAS KAKI DAN BARANG DARI KULIT,35,35,35
1416,95240,JASA REPARASI FURNITUR DAN PERLENGKAPAN RUMAH,35,35,35
1417,95290,JASA REPARASI BARANG RUMAH TANGGA DAN PRIBADI LAINNYA,35,35,35
1418,96111,JASA PANGKAS RAMBUT,30,28,27
1419,96112,JASA SALON KECANTIKAN,30,28,27
1421,96122,SPA (SANTE PAR AQUA),35,35,35
1422,96129,JASA KEBUGARAN LAINNYA,35,35,35
1423,96200,JASA BINATU,40,38,36
1424,96301,PEGAWAI NEGERI SIPIL,-,-,-
1425,96302,ANGGOTA MILITER DAN KEPOLISIAN,-,-,-
1426,96303,PEGAWAI BADAN USAHA MILIK NEGARA/BADAN USAHA MILIK DAERAH,-,-,-
1427,96304,PEGAWAI SWASTA,-,-,-
1428,96305,PENSIUNAN,-,-,-
1429,96910,JASA PEMAKAMAN DAN KEGIATAN YANG BERHUBUNGAN DENGAN ITU,35,35,35
1430,96991,JASA VERMAK PAKAIAN,34,31,28
1431,96999,JASA PERORANGAN LAINNYA YANG TIDAK DAPAT DIKLASIFIKASIKAN DI TEMPAT,35,35,35
1432,97000,JASA PERORANGAN YANG MELAYANI RUMAH TANGGA,32,31,29
1433,98100,KEGIATAN YANG MENGHASILKAN BARANG OLEH RUMAH TANGGA YANG,32,31,29
1434,98200,KEGIATAN YANG MENGHASILKAN JASA OLEH RUMAH TANGGA YANG,32,31,29
